<?xml version="1.0"?>
<rolemap>
 <permissions>
  <permission name="collective.polls: Add poll" acquire="True">
   <role name="Manager"/>
   <role name="Site Administrator"/>
   <role name="Owner"/>
   <role name="Contributor"/>
  </permission>
  <permission name="collective.polls: Close poll" acquire="True">
   <role name="Manager"/>
   <role name="Site Administrator"/>
   <role name="Reviewer"/>
  </permission>
  <permission name="collective.polls: Vote" acquire="False" />
 </permissions>
</rolemap>
