{"_content_type": "text/plain", "_type": "Link", "exclude_from_nav": false, "remoteUrl": "${portal_url}/assuntos/servicos", "description": "Servi\u00e7os ao cidad\u00e3o", "contributors": [], "title": "Editoria C", "_id": "editoria-c", "_layout": "", "rights": "", "changeNote": "", "_defaultpage": "link_redirect_view", "plone.uuid": "15990515898b47848b9f901c316f39fb", "_classname": "Link", "_properties": [["title", "Editoria C", "string"]], "_gopip": 2, "creators": "Brasil", "skos": [], "_path": "/portal/rodape/coluna-1/assuntos/editoria-c"}