<?xml version="1.0"?>
<object name="portal_javascripts" meta_type="JavaScripts Registry">
 <javascript id="kss-bbb.js" />
 <javascript id="inline_validation.js" />
 <javascript id="sarissa.js" remove="true" />
 <javascript id="++resource++MochiKit.js" remove="true" />
 <javascript id="++resource++prototype.js" remove="true" />
 <javascript id="++resource++effects.js" remove="true" />
 <javascript id="++resource++cssQuery-compat.js" remove="true"  />
 <javascript id="++resource++base2-dom-fp.js" remove="true" />
 <javascript id="++resource++kukit.js" remove="true" />
 <javascript id="++resource++kukit-devel.js" remove="true" />
</object>
