[{"portal_type": "sc.embedder", "id": "embedd-cafe-com-a-presidenta-1", "title": "Embedd Caf\u00e9 com a Presidenta 1"}, {"portal_type": "sc.embedder", "id": "embed-cafe-com-a-presidenta-2", "title": "Embed Caf\u00e9 com a Presidenta 2"}, {"portal_type": "sc.embedder", "id": "embedd-cafe-com-a-presidenta-3", "title": "Embedd Caf\u00e9 com a Presidenta 3"}, {"portal_type": "sc.embedder", "id": "cafe-com-a-presidenta-9-7-2012-by-daniel-lucas-oliveira-1", "title": "Caf\u00e9 com a Presidenta 9 7 2012 by Daniel Lucas Oliveira 1"}, {"portal_type": "Collection", "id": "galeria-de-audio-colecao-de-embbed", "title": "Galeria de \u00c1udio - Cole\u00e7\u00e3o de Embbed"}]