{"_content_type": "text/plain", "_type": "Folder", "exclude_from_nav": false, "nextPreviousEnabled": false, "effective": "2013-06-12 16:49:41", "language": "pt-br", "title": "Pasta com embbed de \u00e1udio", "contributors": [], "_id": "pasta-com-embbed-de-audio", "_data_relatedItems": [], "plone.uuid": "bf71a76cd3c04505b864e49e59b3a241", "_classname": "Folder", "_properties": [["title", "Pasta com embbed de \u00e1udio", "string"]], "_gopip": 1, "creators": "Brasil", "skos": [], "_path": "/portal/audios/pasta-com-embbed-de-audio"}