{"contributors": [], "text": "<p><span>Lorem ipsum dolor sit amet, consectetur adipisicing elit, sed do eiusmod tempor incididunt ut labore et dolore magna aliqua.\u00a0<span>Lorem ipsum dolor sit amet, consectetur adipisicing elit, sed do eiusmod tempor incididunt ut labore et dolore magna aliqua.\u00a0<span>Lorem ipsum dolor sit amet, consectetur adipisicing elit, sed do eiusmod tempor incididunt ut labore et dolore magna aliqua.\u00a0<span>Lorem ipsum dolor sit amet, consectetur adipisicing elit, sed do eiusmod tempor incididunt ut labore et dolore magna aliqua.</span></span></span></span></p>", "exclude_from_nav": false, "skos": [], "_gopip": 0, "title": "Evento 1", "location": "S\u00e3o Paulo", "start_date": "2013-01-01 08:00:00", "_type": "Event", "description": "Lorem ipsum dolor sit amet, consectetur adipisicing elit, sed do eiusmod tempor incididunt ut ", "end_date": "2013-01-01 09:00:00", "_layout": "", "_classname": "Event", "creators": "Brasil", "_content_type": "text/plain", "_data_relatedItems": [], "language": "pt-br", "effective": "2013-06-13 18:12:12", "changeNote": "", "_defaultpage": "event_view", "plone.uuid": "d4f9ccfabe484e4c820aaa446792f7c6", "_properties": [["title", "Evento 1", "string"]], "_id": "evento-1", "_path": "/portal/eventos/evento-1"}