<?xml version="1.0"?>
<object name="portal_actions" meta_type="Plone Actions Tool"
   xmlns:i18n="http://xml.zope.org/namespaces/i18n">
 <object name="user" meta_type="CMF Action Category">
  <object name="join" meta_type="CMF Action" i18n:domain="plone">
   <property name="title" i18n:translate="">Register</property>
  </object>
  <object name="undo" meta_type="CMF Action" i18n:domain="plone">
   <property name="visible">False</property>
  </object>
 </object>
 <object name="document_actions" meta_type="CMF Action Category">
  <object name="rss" meta_type="CMF Action" i18n:domain="plone">
   <property name="title" i18n:translate="">RSS feed</property>
  </object>
  <object name="sendto" meta_type="CMF Action" i18n:domain="plone">
   <property name="title" i18n:translate="">Send this</property>
  </object>
  <object name="print" meta_type="CMF Action" i18n:domain="plone">
   <property name="title" i18n:translate="">Print this</property>
  </object>
  <object name="full_screen" meta_type="CMF Action" i18n:domain="plone">
   <property name="visible">False</property>
  </object>
 </object>
 <object name="object" meta_type="CMF Action Category">
  <object name="contentrules" meta_type="CMF Action" i18n:domain="plone">
   <property name="title" i18n:translate="">Rules</property>
   <property name="description" i18n:translate=""></property>
   <property
      name="url_expr">string:${plone_context_state/canonical_object_url}/@@manage-content-rules</property>
   <property name="icon_expr"></property>
   <property
      name="available_expr">python:plone_context_state.canonical_object().restrictedTraverse('@@plone_contentrules_info').show_rules_tab()</property>
   <property name="permissions">
    <element value="Content rules: Manage rules"/>
   </property>
   <property name="visible">True</property>
  </object>
 </object>
</object>
