[{"portal_type": "collective.nitf.content", "id": "copy_of_titulo-da-noticia-entre-35-e-90-caracteres-com-espaco", "title": "T\u00edtulo da not\u00edcia entre 35 e 90 caracteres com espa\u00e7o. T\u00edtulo da not\u00edcia entre 35 e 90 carac"}, {"portal_type": "collective.nitf.content", "id": "copy2_of_titulo-da-noticia-entre-35-e-90-caracteres-com-espaco", "title": "T\u00edtulo da not\u00edcia entre 35 e 90 caracteres com espa\u00e7o. T\u00edtulo da not\u00edcia entre 35 e 90 carac"}, {"portal_type": "collective.nitf.content", "id": "copy3_of_titulo-da-noticia-entre-35-e-90-caracteres-com-espaco", "title": "T\u00edtulo da not\u00edcia entre 35 e 90 caracteres com espa\u00e7o. T\u00edtulo da not\u00edcia entre 35 e 90 carac"}, {"portal_type": "collective.nitf.content", "id": "copy4_of_titulo-da-noticia-entre-35-e-90-caracteres-com-espaco", "title": "T\u00edtulo da not\u00edcia entre 35 e 90 caracteres com espa\u00e7o. T\u00edtulo da not\u00edcia entre 35 e 90 carac"}]