{"_content_type": "text/plain", "_type": "Folder", "exclude_from_nav": true, "nextPreviousEnabled": false, "effective": "2013-06-04 12:46:00", "language": "pt-br", "title": "\u00daltimas not\u00edcias da Editoria A", "contributors": [], "_id": "ultimas-noticias-da-editoria-a", "_data_relatedItems": [], "plone.uuid": "259d0e64054246a590df54b29c748ead", "_classname": "Folder", "_properties": [["title", "\u00daltimas not\u00edcias da Editoria A", "string"]], "_gopip": 2, "creators": "Brasil", "_path": "/portal/assuntos/editoria-a/ultimas-noticias-da-editoria-a"}