{"_content_type": "text/plain", "_type": "Link", "exclude_from_nav": false, "remoteUrl": "${portal_url}/mapadosite", "contributors": [], "language": "pt-br", "title": "Mapa do site", "_id": "mapa-do-site", "_layout": "", "changeNote": "", "_defaultpage": "link_redirect_view", "plone.uuid": "2e40ec8349b84a91a6eee08694a24105", "_classname": "Link", "_properties": [["title", "Mapa do site", "string"]], "_gopip": 1, "creators": "Brasil", "skos": [], "_path": "/portal/rodape/quarta_coluna/sobre-o-site/mapa-do-site"}
