{"_content_type": "text/plain", "_type": "Link", "exclude_from_nav": false, "remoteUrl": "http://tv1-lnx-04.grupotv1.com/portalmodelo", "contributors": [], "language": "pt-br", "title": "Destaque 5", "_id": "destaque-5", "_layout": "", "changeNote": "", "_defaultpage": "link_redirect_view", "plone.uuid": "6b33e5aa49d542fb9f76bd1a795eed23", "_classname": "Link", "_properties": [["title", "Destaque 5", "string"]], "_gopip": 4, "creators": "Brasil", "skos": [], "_path": "/portal/links-destaques/destaque-5"}