[{"portal_type": "Collection", "id": "ultimas-noticias", "title": "\u00daltimas not\u00edcias"}, {"portal_type": "collective.nitf.content", "id": "titulo-da-noticia-entre-35-e-90-caracteres-com-espaco", "title": "T\u00edtulo da not\u00edcia entre 35 e 90 caracteres com espa\u00e7o. T\u00edtulo da not\u00edcia entre 35 e 90 carac"}, {"portal_type": "collective.nitf.content", "id": "conheca-o-novo-modelo-da-identidade-digital-padrao-do-governo-federal", "title": "Conhe\u00e7a o novo modelo da identidade digital padr\u00e3o do governo federal"}, {"portal_type": "collective.nitf.content", "id": "copy_of_titulo-da-noticia-entre-35-e-90-caracteres-com-espaco", "title": "T\u00edtulo da not\u00edcia entre 35 e 90 caracteres com espa\u00e7o. T\u00edtulo da not\u00edcia entre 35 e 90 carac"}, {"portal_type": "collective.nitf.content", "id": "copy2_of_titulo-da-noticia-entre-35-e-90-caracteres-com-espaco", "title": "T\u00edtulo da not\u00edcia entre 35 e 90 caracteres com espa\u00e7o. T\u00edtulo da not\u00edcia entre 35 e 90 carac"}, {"portal_type": "collective.nitf.content", "id": "copy3_of_titulo-da-noticia-entre-35-e-90-caracteres-com-espaco", "title": "T\u00edtulo da not\u00edcia entre 35 e 90 caracteres com espa\u00e7o. T\u00edtulo da not\u00edcia entre 35 e 90 carac"}, {"portal_type": "collective.nitf.content", "id": "copy4_of_titulo-da-noticia-entre-35-e-90-caracteres-com-espaco", "title": "T\u00edtulo da not\u00edcia entre 35 e 90 caracteres com espa\u00e7o. T\u00edtulo da not\u00edcia entre 35 e 90 carac"}, {"portal_type": "Document", "id": "conheca-o-novo-modelo-da-identidade-digital-padrao-do-governo-federal-1", "title": "Conhe\u00e7a o novo modelo da identidade digital padr\u00e3o do governo federal"}]