{"_content_type": "text/plain", "_type": "Link", "exclude_from_nav": false, "remoteUrl": "http://tv1-lnx-04.grupotv1.com/portalmodelo", "contributors": [], "language": "pt-br", "title": "Destaque 4", "_id": "destaque-4", "_layout": "", "changeNote": "", "_defaultpage": "link_redirect_view", "plone.uuid": "9289bc1a94284bb2a110eaaf9f9cd3a4", "_classname": "Link", "_properties": [["title", "Destaque 4", "string"]], "_gopip": 3, "creators": "Brasil", "skos": [], "_path": "/portal/links-destaques/destaque-4"}