{"_content_type": "text/plain", "_type": "Link", "exclude_from_nav": false, "remoteUrl": "${portal_url}/sobre/perguntas-frequentes", "contributors": [], "language": "pt-br", "title": "Perguntas frequentes", "_id": "perguntas-frequentes", "_layout": "", "changeNote": "", "_defaultpage": "link_redirect_view", "plone.uuid": "86367f5fcd834c9690d126a1f8439381", "_classname": "Link", "_properties": [["title", "Perguntas frequentes", "string"]], "_gopip": 0, "creators": "Brasil", "skos": [], "_path": "/portal/servicos/perguntas-frequentes"}