{"locallyAllowedTypes": ["Document", "Image", "FieldsetFolder", "FormBooleanField", "FormCustomScriptAdapter", "FormDateField", "FormFileField", "FormFixedPointField", "FormIntegerField", "FormLabelField", "FormLikertField", "FormLinesField", "FormMailerAdapter", "FormMultiSelectionField", "FormPasswordField", "FormRichLabelField", "FormRichTextField", "FormSaveDataAdapter", "FormSelectionField", "FormStringField", "FormTextField", "FormThanksPage", "FieldsetStart", "FieldsetEnd"], "_classname": "FormFolder", "contributors": [], "_gopip": 70, "headerInjection": "", "creation_date": "2013/06/04 17:27:24.603445 GMT-3", "_uid": "8e6ae4ad4015488c8f1c76ca9990d31d", "thanksPage": "thank-you", "expirationDate": "None", "_content_type_id": "text/plain", "immediatelyAddableTypes": ["Document", "Image", "FieldsetFolder", "FormBooleanField", "FormCustomScriptAdapter", "FormDateField", "FormFileField", "FormFixedPointField", "FormIntegerField", "FormLabelField", "FormLikertField", "FormLinesField", "FormMailerAdapter", "FormMultiSelectionField", "FormPasswordField", "FormRichLabelField", "FormRichTextField", "FormSaveDataAdapter", "FormSelectionField", "FormStringField", "FormTextField", "FormThanksPage", "FieldsetStart", "FieldsetEnd"], "_content_type_onDisplayOverride": "text/x-unknown-content-type", "id": "contato", "_content_type_nextPreviousEnabled": "text/plain", "subject": [], "_content_type_excludeFromNav": "text/plain", "_content_type_formActionOverride": "text/x-unknown-content-type", "_content_type_subject": "text/plain", "modification_date": "2013/06/13 10:34:8.667929 GMT-3", "title": "Contato", "_defaultpage": "fg_base_view_p3", "_content_type_forceSSL": "text/plain", "forceSSL": false, "_content_type_useCancelButton": "text/plain", "_content_type_checkAuthenticator": "text/plain", "_content_type_language": "text/plain", "formEpilogue": "", "_content_type_submitLabel": "text/plain", "location": "", "_content_type_formPrologue": "text/html", "_content_type_title": "text/plain", "excludeFromNav": true, "_content_type_thanksPageOverride": "text/x-unknown-content-type", "constrainTypesMode": 0, "_content_type_thanksPage": "text/plain", "_content_type_actionAdapter": "text/plain", "_type": "FormFolder", "description": "", "resetLabel": "Limpar", "_atrefs": {}, "_layout": "", "_properties": [["title", "Contato", "string"]], "_content_type_rights": "text/plain", "_content_type_locallyAllowedTypes": "text/plain", "allowDiscussion": false, "_content_type_allowDiscussion": "text/plain", "_content_type_immediatelyAddableTypes": "text/plain", "actionAdapter": ["mailer"], "_content_type_afterValidationOverride": "text/x-unknown-content-type", "_content_type_constrainTypesMode": "text/plain", "formPrologue": "", "useCancelButton": false, "onDisplayOverride": "", "_content_type_formEpilogue": "text/html", "_content_type_resetLabel": "text/plain", "_content_type": "text/plain", "_id": "contato", "nextPreviousEnabled": false, "effectiveDate": "2013/06/04 17:30:00 GMT-3", "language": "pt-br", "rights": "", "_atbrefs": {}, "submitLabel": "Enviar", "_content_type_creators": "text/plain", "formActionOverride": "", "_content_type_description": "text/plain", "_content_type_headerInjection": "text/x-unknown-content-type", "afterValidationOverride": "", "_content_type_location": "text/x-unknown-content-type", "checkAuthenticator": true, "_content_type_contributors": "text/plain", "thanksPageOverride": "", "creators": ["editor"], "_path": "/portal/contato"}