{"_content_type": "text/plain", "_type": "Link", "exclude_from_nav": false, "remoteUrl": "http://tv1-lnx-04.grupotv1.com/portalmodelo", "contributors": [], "language": "pt-br", "title": "Destaque 1", "_id": "destaque-1", "_layout": "", "changeNote": "", "_defaultpage": "link_redirect_view", "plone.uuid": "3e324f758c914bdda818391cc5ff8cbd", "_classname": "Link", "_properties": [["title", "Destaque 1", "string"]], "_gopip": 0, "creators": "Brasil", "skos": [], "_path": "/portal/links-destaques/destaque-1"}