{"_content_type": "text/plain", "_type": "Link", "exclude_from_nav": false, "remoteUrl": "${portal_url}/area-imprensa", "contributors": [], "language": "pt-br", "title": "\u00c1rea de imprensa", "_id": "area-de-imprensa", "_layout": "", "changeNote": "", "_defaultpage": "link_redirect_view", "plone.uuid": "d53f873eadcf41a48d6014d2e0d0bbd7", "_classname": "Link", "_properties": [["title", "\u00c1rea de imprensa", "string"]], "_gopip": 3, "creators": "Brasil", "skos": [], "_path": "/portal/servicos/area-de-imprensa"}