{"_content_type": "text/plain", "_type": "Folder", "exclude_from_nav": true, "nextPreviousEnabled": false, "effective": "2013-05-31 15:03:32", "language": "pt-br", "title": "\u00c1udios", "_id": "audios", "_layout": "", "_data_relatedItems": [], "contributors": [], "_defaultpage": "folder_summary_view", "plone.uuid": "9e13706cd8d8420cb54ad5d076a6f21e", "_classname": "Folder", "_properties": [["title", "\u00c1udios", "string"], ["layout", "folder_summary_view", "string"]], "_gopip": 75, "creators": "Brasil", "skos": [], "_path": "/portal/audios"}