<?xml version="1.0"?>
<rolemap>
  <roles>
    <role name="Manager"></role>
  </roles>
  <permissions>
    <permission name="plone.app.contenttypes: Add Collection" acquire="True">
      <role name="Manager" />
      <role name="Site Administrator" />
      <role name="Owner"/>
      <role name="Contributor"/>
    </permission>
    <permission name="plone.app.contenttypes: Add Document" acquire="True">
      <role name="Manager" />
      <role name="Site Administrator" />
      <role name="Owner"/>
      <role name="Contributor"/>
    </permission>
    <permission name="plone.app.contenttypes: Add Event" acquire="True">
      <role name="Manager" />
      <role name="Site Administrator" />
      <role name="Owner"/>
      <role name="Contributor"/>
    </permission>
    <permission name="plone.app.contenttypes: Add File" acquire="True">
      <role name="Manager" />
      <role name="Site Administrator" />
      <role name="Owner"/>
      <role name="Contributor"/>
    </permission>
    <permission name="plone.app.contenttypes: Add Folder" acquire="True">
      <role name="Manager" />
      <role name="Site Administrator" />
      <role name="Owner"/>
      <role name="Contributor"/>
    </permission>
    <permission name="plone.app.contenttypes: Add Image" acquire="True">
      <role name="Manager" />
      <role name="Site Administrator" />
      <role name="Owner"/>
      <role name="Contributor"/>
    </permission>
    <permission name="plone.app.contenttypes: Add Link" acquire="True">
      <role name="Manager" />
      <role name="Site Administrator" />
      <role name="Owner"/>
      <role name="Contributor"/>
    </permission>
    <permission name="plone.app.contenttypes: Add News Item" acquire="True">
      <role name="Manager" />
      <role name="Site Administrator" />
      <role name="Owner"/>
      <role name="Contributor"/>
    </permission>
  </permissions>
</rolemap>
