<?xml version="1.0"?>
<object meta_type="Plone Types Tool" name="portal_types">
 <property name="title">Controls the available content types in your portal</property>

 <!-- We remove old ATContentTypes if they exist.
      Instances of these types can still be looked at since the
      skin-templates in CMFPlone are there but they cannot be edited -->
 <object name="Collection" remove="True"/>
 <object name="Document" remove="True"/>
 <object name="Event" remove="True"/>
 <object name="File" remove="True"/>
 <object name="Folder" remove="True"/>
 <object name="Image" remove="True"/>
 <object name="Link" remove="True"/>
 <object name="News Item" remove="True"/>
 <object name="Topic" remove="True"/>

 <object meta_type="Dexterity FTI" name="Collection" />
 <object meta_type="Dexterity FTI" name="Document" />
 <object meta_type="Dexterity FTI" name="Folder" />
 <object meta_type="Dexterity FTI" name="Link" />
 <object meta_type="Dexterity FTI" name="File" />
 <object meta_type="Dexterity FTI" name="Image" />
 <object meta_type="Dexterity FTI" name="News Item" />
 <object meta_type="Dexterity FTI" name="Event" />

</object>