{"_content_type": "text/plain", "_type": "Folder", "exclude_from_nav": false, "nextPreviousEnabled": false, "description": "Despesas", "contributors": [], "title": "Despesas", "_id": "despesas", "_layout": "", "rights": "", "_data_relatedItems": [], "_defaultpage": "pagina-sobre-despesas", "plone.uuid": "193ed18cd342465ea1c21c82557716c1", "_classname": "Folder", "_properties": [["title", "Despesas", "string"], ["default_page", "pagina-sobre-despesas", "string"]], "_gopip": 4, "creators": "Brasil", "_path": "/portal/sobre/despesas"}