{"table_of_contents": false, "contributors": [], "text": "<p>O RSS (REALLY SIMPLE SYNDICATION) \u00e9 uma forma pr\u00e1tica de se manter informado. Escolha que assuntos quer acompanhar em seus sites preferidos. Sempre que algo for atualizado, voc\u00ea recebe um aviso em uma \u00fanica tela, como em um programa de e-mail. Cadastre o conte\u00fado da\u00a0<b>Site do \u00f3rg\u00e3o</b>\u00a0entre suas prefer\u00eancias para RSS.</p>", "exclude_from_nav": true, "skos": [], "_gopip": 0, "title": "O que \u00e9?", "_type": "Document", "_layout": "", "_id": "o-que-e", "_classname": "Document", "_content_type": "text/plain", "_data_relatedItems": [], "language": "pt-br", "effective": "2013-06-06 19:36:00", "changeNote": "", "_defaultpage": "document_view", "plone.uuid": "3b6320fd55f148a2bbb99d7319bbc3a2", "_properties": [["title", "O que \u00e9?", "string"]], "creators": "Brasil", "_path": "/portal/rss/o-que-e"}