<model xmlns="http://namespaces.plone.org/supermodel/schema"
       xmlns:indexer="http://namespaces.plone.org/supermodel/indexer"
       xmlns:i18n="http://xml.zope.org/namespaces/i18n"
       i18n:domain="brasil.gov.agenda">
  <schema>
      <field name="autoridade" type="zope.schema.TextLine" indexer:searchable="true">
        <description i18n:translate=""></description>
        <required>False</required>
        <defaultFactory>brasil.gov.agenda.content.compromisso.default_autoridade</defaultFactory>
        <title i18n:translate="">Nome da autoridade</title>
      </field>  
      <field name="start_date" type="zope.schema.Datetime">
        <description />
        <defaultFactory>brasil.gov.agenda.content.compromisso.default_start_date</defaultFactory>
        <title i18n:translate="label_event_start">Event Starts</title>
      </field>
      <field name="end_date" type="zope.schema.Datetime">
        <description />
        <defaultFactory>brasil.gov.agenda.content.compromisso.default_end_date</defaultFactory>
        <title i18n:translate="label_event_end">Event Ends</title>
      </field>
      <field name="title" type="zope.schema.TextLine">
        <description i18n:translate=""></description>
        <required>true</required>
        <title i18n:translate="">Compromisso</title>
      </field>
      <field name="attendees" type="zope.schema.Text" indexer:searchable="true">
        <description i18n:translate="">Outros participantes deste compromisso, um por linha.</description>
        <required>False</required>
        <title i18n:translate="label_event_attendees">Outros participantes</title>
      </field>
      <field name="description" type="zope.schema.Text">
        <description i18n:translate=""></description>
        <required>False</required>
        <title i18n:translate="">Pauta</title>
      </field>
      <field name="location" type="zope.schema.TextLine" indexer:searchable="true">
        <description />
        <required>False</required>
        <defaultFactory>brasil.gov.agenda.content.compromisso.default_location</defaultFactory>
        <title i18n:translate="label_event_location">Event Location</title>
      </field>
  </schema>
</model>