{"_content_type": "text/plain", "_type": "Folder", "exclude_from_nav": false, "nextPreviousEnabled": false, "effective": "2013-05-31 15:11:42", "language": "pt-br", "title": "Menu de 3. n\u00edvel", "_id": "terceiro-nivel", "_layout": "", "_data_relatedItems": [], "contributors": [], "_defaultpage": "pagina-de-texto-institucional-a", "plone.uuid": "f97adeeef9744b09894a68d94185da19", "_classname": "Folder", "_properties": [["title", "Menu de 3. n\u00edvel", "string"], ["layout", "folder_tabular_view", "string"], ["default_page", "pagina-de-texto-institucional-a", "string"]], "_gopip": 0, "creators": "Brasil", "skos": [], "_path": "/portal/assuntos/editoria-a/segundo-nivel/terceiro-nivel"}