<?xml version="1.0"?>
<object name="portal_properties" meta_type="Plone Properties Tool">
 <object name="site_properties" meta_type="Plone Property Sheet">
  <property name="search_review_state_for_anon"
     type="boolean">False</property>
  <property name="search_enable_title_search" type="lines"/>
  <property name="search_enable_description_search" type="lines"/>
  <property name="search_enable_sort_on" type="lines">
   <element value="auth"/>
   <element value="anon"/>
  </property>
  <property name="search_enable_batch_size" type="lines">
   <element value="auth"/>
   <element value="anon"/>
  </property>
  <property name="search_collapse_options" type="boolean">True</property>
  <property name="user_registration_fields" type="lines">
   <element value="fullname"/>
   <element value="username"/>
   <element value="email"/>
   <element value="password"/>
   <element value="mail_me"/>
  </property>
 </object>
</object>
