<?xml version="1.0"?>
<registry xmlns:i18n="http://xml.zope.org/namespaces/i18n"
          i18n:domain="plone">

  <record field="layouts"
          interface="collective.cover.controlpanel.ICoverSettings"
          name="collective.cover.controlpanel.ICoverSettings.layouts">
    <field type="plone.registry.field.Dict">
      <key_type type="plone.registry.field.TextLine">
        <title>Name</title>
      </key_type>
      <title>Layouts</title>
      <value_type type="plone.registry.field.TextLine">
        <title>Layout</title>
      </value_type>
    </field>
    <value purge="true">
      <element key="Layout A">[{"type": "row", "class": "row", "children": [{"id": "group1", "type": "group", "data":{"column-size":16, "layout-type":"column"}, "roles": ["Manager"], "children": [{"tile-type": "collective.cover.carousel", "type": "tile", "class": "tile", "id": "d34acf7c70084016810946f9039ffb67"}]}]}, {"type": "row", "class": "row", "children": [{"type": "group", "data":{"column-size":8, "layout-type":"column"}, "roles": ["Manager"], "children": [{"tile-type": "collective.cover.list", "type": "tile", "class": "tile", "id": "7bb03c26b2504b8a9cadf5b852cc8a2c"}]}, {"type": "group", "data":{"column-size":8, "layout-type":"column"}, "roles": ["Manager"], "children": [{"tile-type": "collective.cover.collection", "type": "tile", "class": "tile", "id": "cc6d0ff688a143b38d64db2493ca74ce"}]}]}, {"type": "row", "class": "row", "children": [{"id": "group2", "type": "group", "data":{"column-size":5, "layout-type":"column"}, "roles": ["Manager"], "children": [{"tile-type": "collective.cover.basic", "type": "tile", "class": "tile", "id": "6673d5554e934b4396790a92698e32d0"}]}, {"type": "group", "data":{"column-size":5, "layout-type":"column"}, "roles": ["Manager"], "children": [{"tile-type": "collective.cover.basic", "type": "tile", "class": "tile", "id": "db093ff0b98c4475aeb4cb7c3a78e9ba"}]}, {"type": "group", "data":{"column-size":5, "layout-type":"column"}, "roles": ["Manager"], "children": [{"tile-type": "collective.cover.basic", "type": "tile", "class": "tile", "id": "bfe62e09db9e4a538f92dbeda8db42de"}]}]}]</element>
      <element key="Layout B">[{"type": "row", "class": "row", "children": [{"id": "group1", "type": "group", "data":{"column-size":8, "layout-type":"column"}, "roles": ["Manager"], "children": [{"tile-type": "collective.cover.basic", "type": "tile", "class": "tile", "id": "4ebc5e6678044918b76280ec0204041a"}]}, {"type": "group", "data":{"column-size":8, "layout-type":"column"}, "roles": ["Manager"], "children": [{"tile-type": "collective.cover.list", "type": "tile", "class": "tile", "id": "7d68fd4cf0e34073aea99568f1e8eef6"}]}]}, {"type": "row", "class": "row", "children": [{"id": "group2", "type": "group", "data":{"column-size":8, "layout-type":"column"}, "roles": ["Manager"], "children": [{"tile-type": "collective.cover.basic", "type": "tile", "class": "tile", "id": "03fbc0eccfb446debef114ebfa49a14c"}]}, {"type": "group", "data":{"column-size":8, "layout-type":"column"}, "roles": ["Manager"], "children": [{"tile-type": "collective.cover.list", "type": "tile", "class": "tile", "id": "d9892b66d47547fb99cfa4ac9802b2c3"}]}]}]</element>
      <element key="Layout C">[{"type": "row", "class": "row", "children": [{"id": "group1", "type": "group", "data":{"column-size":8, "layout-type":"column"}, "roles": ["Manager"], "children": [{"tile-type": "collective.cover.basic", "type": "tile", "class": "tile", "id": "33ab4627d26a4e868bb6044d5f270633"}]}, {"type": "group", "data":{"column-size":8, "layout-type":"column"}, "roles": ["Manager"], "children": [{"tile-type": "collective.cover.basic", "type": "tile", "class": "tile", "id": "ff53063434ea4be1968c19a94ae57a29"}]}]}, {"type": "row", "class": "row", "children": [{"id": "group2", "type": "group", "data":{"column-size":8, "layout-type":"column"}, "roles": ["Manager"], "children": [{"tile-type": "collective.cover.list", "type": "tile", "class": "tile", "id": "c57800cb56dc44ccae531517af725c2e"}]}, {"type": "group", "data":{"column-size":8, "layout-type":"column"}, "roles": ["Manager"], "children": [{"tile-type": "collective.cover.list", "type": "tile", "class": "tile", "id": "81af4c0eb99343e286a4a07c15c40c2c"}]}]}]</element>
      <element key="Empty layout">[{"type": "row", "class": "row", "children": [{"type": "group", "data":{"column-size":16, "layout-type":"column"}, "roles": ["Manager"]}]}]</element>
    </value>
  </record>

</registry>
