{"contributors": [], "query": [{"i": "portal_type", "o": "plone.app.querystring.operation.selection.is", "v": ["Image"]}], "exclude_from_nav": false, "skos": [], "_gopip": null, "title": "Cole\u00e7\u00e3o de imagens", "item_count": 30, "_type": "Collection", "_layout": "", "_data_relatedItems": [], "_classname": "Collection", "sort_reversed": false, "_content_type": "text/plain", "_id": "colecao-de-imagens", "language": "pt-br", "effective": "2013-06-03 16:40:00", "_defaultpage": "standard_view", "limit": 1000, "plone.uuid": "1d05a52f275441d6919f4061d91b49a5", "_properties": [["title", "Cole\u00e7\u00e3o de imagens", "string"], ["layout", "standard_view", "string"]], "creators": "Brasil", "_path": "/portal/imagens/colecao-de-imagens"}