<?xml version="1.0"?>
<object name="collective.nitf.content" meta_type="Dexterity FTI"
        xmlns:i18n="http://xml.zope.org/namespaces/i18n"
        i18n:domain="collective.nitf">
  <property name="title" i18n:translate="">Noticia</property>
  <property name="behaviors" purge="False">
    <element value="plone.app.referenceablebehavior.referenceable.IReferenceable"/>
    <element value="brasil.gov.vcge.dx.behaviors.IVCGE"/>
	<element value="plone.app.versioningbehavior.behaviors.IVersionable" />    
  </property>
  <property name="default_view">nitf_custom_view</property>
  <property name="default_view_fallback">False</property>
  <property name="view_methods">
    <element value="nitf_custom_view"/>
    <element value="view"/>
    <element value="nitf_galleria"/>
  </property>
</object>
