<?xml version="1.0"?>
<object name="collective.nitf.content" meta_type="Dexterity FTI"
   xmlns:i18n="http://xml.zope.org/namespaces/i18n"
   i18n:domain="collective.nitf">

 <!-- Basic metadata -->
 <property name="title" i18n:translate="">News Article</property>
 <property name="description" i18n:translate="">A news article</property>
 <property name="content_icon">++resource++collective.nitf/nitf_icon.png</property>
 <property name="allow_discussion">True</property>
 <property name="global_allow">True</property>
 <property name="filter_content_types">True</property>
 <property name="allowed_content_types">
  <element value="File" />
  <element value="Image" />
  <element value="Link" />
 </property>

 <!-- schema interface -->
 <property name="schema">collective.nitf.content.INITF</property>

 <!-- class used for content items -->
 <property name="klass">collective.nitf.content.NITF</property>

 <!-- add permission -->
 <property name="add_permission">collective.nitf.AddNewsArticle</property>

 <!-- enabled behaviors -->
 <property name="behaviors">
  <element value="plone.app.content.interfaces.INameFromTitle" />
  <element value="plone.app.referenceablebehavior.referenceable.IReferenceable" />
  <element value="plone.app.dexterity.behaviors.metadata.IDublinCore" />
 </property>

 <!-- View information -->
 <property name="default_view">view</property>
 <property name="default_view_fallback">False</property>
 <property name="view_methods">
  <element value="view"/>
  <element value="nitf_galleria"/>
 </property>

 <!-- Method aliases -->
 <alias from="(Default)" to="(dynamic view)"/>
 <alias from="edit" to="@@edit"/>
 <alias from="sharing" to="@@sharing"/>
 <alias from="view" to="(selected layout)"/>

 <!-- Actions -->
 <action title="View" action_id="view" category="object" condition_expr=""
    url_expr="string:${object_url}" visible="True">
  <permission value="View"/>
 </action>
 <action title="Edit" action_id="edit" category="object" condition_expr=""
    url_expr="string:${object_url}/edit" visible="True">
  <permission value="Modify portal content"/>
 </action>
 <action title="Media" action_id="media" category="object" condition_expr=""
    url_expr="string:${object_url}/@@media" visible="True"
    i18n:attributes="title">
  <permission value="Modify portal content"/>
 </action>
</object>
