{"_content_type": "text/plain", "_type": "Folder", "exclude_from_nav": true, "nextPreviousEnabled": false, "effective": "2013-06-04 14:17:00", "language": "pt-br", "title": "Pastas com exemplos de pe\u00e7as", "_id": "pastas-com-exemplos-de-pecas", "_layout": "", "_data_relatedItems": [], "contributors": [], "_defaultpage": "atct_album_view", "plone.uuid": "c35c5b72551a477eb7453cea60c594b3", "_classname": "Folder", "_properties": [["title", "Pastas com exemplos de pe\u00e7as", "string"], ["layout", "atct_album_view", "string"]], "_gopip": 69, "creators": "Brasil", "skos": [], "_path": "/portal/pastas-com-exemplos-de-pecas"}