{"_content_type": "text/plain", "_type": "collective.cover.content", "_id": "capa-de-teste", "_gopip": 1, "title": "Capa de teste", "template_layout": "Destaques", "_layout": "", "tile_data": {"@@collective.cover.list/d3d048092a0c481dab2764cbef469ff2": {"config": {"css_class": {"order": "0", "visibility": "on"}, "image": {"order": "2", "visibility": "on"}, "title": {"htmltag": "h2", "order": "4", "visibility": "on"}, "description": {"order": "1", "visibility": "on"}, "uuids": {"order": "3", "visibility": "on"}}, "data": {"css_class": null, "image": null, "description": null, "uuids": [], "title": null}}, "@@collective.cover.collection/b69a92817fe949039d361d6b2b874fa5": {"config": {"description": {"order": "4", "visibility": "on"}, "title": {"htmltag": "h2", "order": "2", "visibility": "on"}, "css_class": {"order": "0", "visibility": "on"}, "image": {"position": "left", "order": "5", "visibility": "on", "imgsize": "mini 200:200"}, "footer": {"htmltag": "h2", "order": "6", "visibility": "on"}, "date": {"order": "1", "visibility": "on"}, "number_to_show": {"order": "3", "visibility": "on"}, "uuid": {"htmltag": "h2", "order": "7", "visibility": "on"}}, "data": {"description": "", "footer": null, "css_class": null, "image": null, "title": "\u00daltimas not\u00edcias", "date": null, "number_to_show": null, "uuid": "4279a5f9453443cab4437d9cab53f2d9"}}, "@@videogallery/d8e3472459b54735b6c0b721f86b0164": {"config": {"subtitle": {"htmltag": "h2", "order": "4", "visibility": "on"}, "description": {"order": "1", "visibility": "on"}, "title": {"htmltag": "h2", "order": "3", "visibility": "on"}, "css_class": {"order": "0", "visibility": "on"}, "image": {"order": "2", "visibility": "on"}, "uuids": {"order": "6", "visibility": "on"}, "footer_text": {"htmltag": "h2", "order": "5", "visibility": "on"}}, "data": {"subtitle": null, "description": null, "title": null, "css_class": null, "image": null, "uuids": ["0fc1b0e97dca4fbaa3410c3185ea9c14"], "footer_text": null}}, "@@collective.cover.collection/d605733b3fcc48fda51223ab6d50db14": {"config": {"description": {"order": "4", "visibility": "on"}, "title": {"htmltag": "h2", "order": "2", "visibility": "on"}, "css_class": {"order": "0", "visibility": "on"}, "image": {"position": "left", "order": "5", "visibility": "on", "imgsize": "mini 200:200"}, "footer": {"htmltag": "h2", "order": "6", "visibility": "on"}, "date": {"order": "1", "visibility": "on"}, "number_to_show": {"order": "3", "visibility": "on"}, "uuid": {"htmltag": "h2", "order": "7", "visibility": "on"}}, "data": {"description": "", "footer": null, "css_class": null, "image": null, "title": "Cole\u00e7\u00e3o de eventos", "date": null, "number_to_show": null, "uuid": "fde971018145447ebefe370a42129250"}}, "@@collective.cover.list/fb5d5032a9d34217ae0c6f2283445bec": {"config": {"css_class": {"order": "0", "visibility": "on"}, "image": {"order": "2", "visibility": "on"}, "title": {"htmltag": "h2", "order": "4", "visibility": "on"}, "description": {"order": "1", "visibility": "on"}, "uuids": {"order": "3", "visibility": "on"}}, "data": {"css_class": null, "image": null, "description": null, "uuids": ["137b3b7b33bc4108a387d6fe475aabb8", "f8a546d07cf34de197ce6ef9f9cd7162"], "title": null}}}, "_defaultpage": "view", "plone.uuid": "7c0a908cd5ed496dae8cf9897458f022", "_classname": "Cover", "_properties": [["title", "Capa de teste", "string"]], "cover_layout": "[{\"type\": \"row\", \"children\": [{\"data\": {\"layout-type\": \"column\", \"column-size\": 8}, \"type\": \"group\", \"children\": [{\"tile-type\": \"collective.cover.collection\", \"type\": \"tile\", \"id\": \"d605733b3fcc48fda51223ab6d50db14\"}], \"roles\": [\"Manager\"]}, {\"data\": {\"layout-type\": \"column\", \"column-size\": 8}, \"type\": \"group\", \"children\": [{\"tile-type\": \"videogallery\", \"type\": \"tile\", \"id\": \"d8e3472459b54735b6c0b721f86b0164\"}], \"roles\": [\"Manager\"]}]}, {\"type\": \"row\", \"children\": [{\"data\": {\"layout-type\": \"column\", \"column-size\": 16}, \"type\": \"group\", \"children\": [{\"tile-type\": \"collective.cover.collection\", \"type\": \"tile\", \"id\": \"b69a92817fe949039d361d6b2b874fa5\"}], \"roles\": [\"Manager\"]}]}, {\"type\": \"row\", \"children\": [{\"data\": {\"layout-type\": \"column\", \"column-size\": 8}, \"type\": \"group\", \"children\": [{\"tile-type\": \"collective.cover.list\", \"type\": \"tile\", \"id\": \"d3d048092a0c481dab2764cbef469ff2\"}], \"roles\": [\"Manager\"]}, {\"data\": {\"layout-type\": \"column\", \"column-size\": 8}, \"type\": \"group\", \"roles\": [\"Manager\"]}]}, {\"type\": \"row\", \"children\": [{\"data\": {\"layout-type\": \"column\", \"column-size\": 16}, \"type\": \"group\", \"children\": [{\"tile-type\": \"collective.cover.list\", \"type\": \"tile\", \"id\": \"fb5d5032a9d34217ae0c6f2283445bec\"}], \"roles\": [\"Manager\"]}]}]", "exclude_from_nav": true, "_path": "/portal/assuntos/editoria-c/capa-de-teste"}