{"_content_type": "text/plain", "_type": "Link", "exclude_from_nav": false, "remoteUrl": "http://www.facebook.com/facebook", "contributors": [], "language": "pt-br", "title": "Facebook", "_id": "facebook", "_layout": "", "changeNote": "", "_defaultpage": "link_redirect_view", "plone.uuid": "5fafff5544524b82a427c90caf53dc0d", "_classname": "Link", "_properties": [["title", "Facebook", "string"]], "_gopip": 2, "creators": "Brasil", "skos": [], "_path": "/portal/rodape/coluna-3/redes-sociais/facebook"}