<?xml version="1.0"?>
<object name="portal_css" meta_type="Stylesheets Registry">

<stylesheet id="member.css" authenticated="True" />
 <stylesheet id="base.css" />
 <stylesheet id="public.css" />
 <stylesheet id="columns.css" />
 <stylesheet id="authoring.css" />
 <stylesheet id="portlets.css" />
 <stylesheet id="controlpanel.css" />
 <stylesheet id="deprecated.css" />
 <stylesheet id="navtree.css" />
 <stylesheet id="invisibles.css" />
 <stylesheet id="forms.css" />

 <stylesheet id="print.css" media="print" />
 <stylesheet id="mobile.css"
             media="handheld, screen and (max-device-width: 480px)" />

 <stylesheet id="ploneCustom.css" media="all" />

 <stylesheet id="RTL.css"
             expression="python:portal.restrictedTraverse('@@plone_portal_state').is_rtl()" />

</object>
