{"contributors": [], "query": [{"i": "portal_type", "o": "plone.app.querystring.operation.selection.is", "v": ["sc.embedder"]}, {"i": "path", "o": "plone.app.querystring.operation.string.path", "v": "/coluna-de-menus/videos/videos-home/"}], "exclude_from_nav": false, "skos": [], "_gopip": 3, "title": "Cole\u00e7\u00e3o de v\u00eddeos", "sort_on": "modified", "item_count": 30, "_type": "Collection", "_layout": "", "_data_relatedItems": [], "_classname": "Collection", "sort_reversed": true, "_content_type": "text/plain", "_id": "colecao-de-videos", "language": "pt-br", "effective": "2013-06-03 16:29:00", "_defaultpage": "all_content", "limit": 1000, "plone.uuid": "971236c0ab1148dbb1b2a3e7cc73a3ba", "_properties": [["title", "Cole\u00e7\u00e3o de v\u00eddeos", "string"], ["layout", "all_content", "string"]], "creators": "Brasil", "_path": "/portal/videos/videos-home/colecao-de-videos"}