{"_content_type": "text/plain", "_type": "Folder", "exclude_from_nav": true, "nextPreviousEnabled": false, "effective": "2013-05-31 15:12:00", "language": "pt-br", "title": "Not\u00edcias", "_id": "noticias", "_layout": "", "_data_relatedItems": [], "contributors": [], "_defaultpage": "folder_summary_view", "plone.uuid": "ecdf91cb5fac4eca94a1404681d5473a", "_classname": "Folder", "_properties": [["title", "Not\u00edcias", "string"], ["layout", "folder_summary_view", "string"]], "_gopip": 72, "creators": "Brasil", "skos": [], "_path": "/portal/noticias"}