{"_content_type": "text/plain", "_type": "Folder", "exclude_from_nav": false, "nextPreviousEnabled": false, "description": "Dolor Sit", "contributors": [], "title": "Editoria A", "_id": "editoria-a", "_layout": "", "rights": "", "_data_relatedItems": [], "_defaultpage": "capa-interna", "plone.uuid": "a45f1c5ba923490aa7ad2ca264d4db65", "_classname": "Folder", "_properties": [["title", "Editoria A", "string"], ["default_page", "capa-interna", "string"]], "_gopip": 0, "creators": "Brasil", "_path": "/portal/assuntos/editoria-a"}