[{"portal_type": "collective.cover.content", "id": "destaques", "title": "Destaques do Portal"}, {"portal_type": "Folder", "id": "links-destaques", "title": "Links do Em Destaque"}, {"portal_type": "Folder", "id": "servicos", "title": "Servi\u00e7os"}, {"portal_type": "collective.cover.content", "id": "home", "title": "Home"}, {"portal_type": "Folder", "id": "menu-de-apoio", "title": "Menu de Apoio"}, {"portal_type": "Folder", "id": "sobre", "title": "Sobre"}, {"portal_type": "Folder", "id": "assuntos", "title": "Assuntos"}, {"portal_type": "Doormat", "id": "rodape", "title": "Rodap\u00e9"}, {"portal_type": "Folder", "id": "pastas-com-exemplos-de-pecas", "title": "Pastas com exemplos de pe\u00e7as"}, {"portal_type": "FormFolder", "id": "contato", "title": "Contato"}, {"portal_type": "Folder", "id": "imagens", "title": "Imagens"}, {"portal_type": "Folder", "id": "noticias", "title": "Not\u00edcias"}, {"portal_type": "Folder", "id": "videos", "title": "V\u00eddeos"}, {"portal_type": "Folder", "id": "links", "title": "Links"}, {"portal_type": "Folder", "id": "audios", "title": "\u00c1udios"}, {"portal_type": "Folder", "id": "rss", "title": "RSS"}, {"portal_type": "Folder", "id": "acesso-a-sistemas", "title": "Acesso a sistemas"}, {"portal_type": "Folder", "id": "area-imprensa", "title": "\u00c1rea de imprensa"}, {"portal_type": "Folder", "id": "eventos", "title": "Eventos"}, {"id": "acessibilidade", "title": "Acessibilidade"}]