{"_content_type": "text/plain", "_type": "Folder", "exclude_from_nav": false, "nextPreviousEnabled": false, "description": "Servi\u00e7os ao cidad\u00e3o", "contributors": [], "title": "Editoria C", "_id": "editoria-c", "_layout": "", "rights": "", "_data_relatedItems": [], "_defaultpage": "capa-interna", "plone.uuid": "effa2c1c0c01438dbd4009311be3543c", "_classname": "Folder", "_properties": [["title", "Editoria C", "string"], ["default_page", "capa-interna", "string"]], "_gopip": 2, "creators": "Brasil", "_path": "/portal/assuntos/editoria-c"}