{"_content_type": "text/plain", "_type": "Link", "exclude_from_nav": false, "remoteUrl": "http://tv1-lnx-04.grupotv1.com/portalmodelo", "contributors": [], "language": "pt-br", "title": "\u00c1rea de imprensa", "_id": "area-de-imprensa", "_layout": "", "changeNote": "", "_defaultpage": "link_redirect_view", "plone.uuid": "e90b902063a24438bd5fcb5cc607d0e1", "_classname": "Link", "_properties": [["title", "\u00c1rea de imprensa", "string"]], "_gopip": 3, "creators": "Brasil", "skos": [], "_path": "/portal/rodape/coluna-2/barra-de-servicos/area-de-imprensa"}