<?xml version="1.0"?>
<object name="Folder" meta_type="Dexterity FTI" i18n:domain="plone"
   xmlns:i18n="http://xml.zope.org/namespaces/i18n">
  <property name="behaviors" purge="False">
  	<element value="plone.app.referenceablebehavior.referenceable.IReferenceable"/>
    <element value="brasil.gov.vcge.dx.behaviors.IVCGE"/>
  </property>
  <property name="view_methods" purge="False">
    <element value="galeria_de_albuns" insert-after="*" />
    <element value="galeria_de_fotos" insert-after="*" />
  </property>
</object>
