<model xmlns="http://namespaces.plone.org/supermodel/schema">
    <schema>
      <field name="remoteUrl" type="zope.schema.TextLine">
        <default>http://</default>
        <description>The link is used almost verbatim, relative links become absolute and the strings "${navigation_root_url}" and "${portal_url}" get replaced with the real navigation_root_url or portal_url. If in doubt which one to use, please use navigation_root_url.
        </description>
        <title>URL</title>
      </field>
    </schema>
</model>
