<model xmlns="http://namespaces.plone.org/supermodel/schema"
       xmlns:indexer="http://namespaces.plone.org/supermodel/indexer"
       xmlns:i18n="http://xml.zope.org/namespaces/i18n"
       i18n:domain="plone">
  <schema>
    <field name="text" type="plone.app.textfield.RichText" indexer:searchable="true">
      <description />
      <required>False</required>
      <title>Text</title>
    </field>
    <!--
    <field name="image" type="plone.namedfile.field.NamedBlobImage">
      <description i18n:translate="help_news_image">Will be shown in the news listing, and in the news item itself. Image will be scaled to a sensible size.</description>
      <required>False</required>
      <title i18n:translate="label_news_image">Image</title>
    </field>
    <field name="image_caption" type="zope.schema.TextLine" indexer:searchable="true">
      <description />
      <required>False</required>
      <title i18n:translate="label_image_caption">Image Caption</title>
    </field>
    -->
  </schema>
</model>
