{"_content_type": "text/plain", "_type": "collective.cover.content", "_id": "destaques", "description": "Listagem de destaques do portal", "_gopip": 61, "title": "Destaques do Portal", "template_layout": "Destaques", "_layout": "", "tile_data": {"@@em_destaque/432cf6bf0ec1431588b8cf7b1717d300": {"config": {"css_class": {"order": "0", "visibility": "on"}, "uuids": {"order": "1", "visibility": "on"}, "title": {"htmltag": "h2", "order": "2", "visibility": "on"}}, "data": {"css_class": null, "uuids": ["3e324f758c914bdda818391cc5ff8cbd", "8701d382589446be8c8cb64db4bca2f8", "c4c854f59c554045a8045043956ec00b", "9289bc1a94284bb2a110eaaf9f9cd3a4", "6b33e5aa49d542fb9f76bd1a795eed23"], "title": null}}}, "_defaultpage": "view", "plone.uuid": "d64aaa490df9435ea4a79692f7ab8789", "_classname": "Cover", "_properties": [["title", "Destaques do Portal", "string"]], "cover_layout": "[{\"type\": \"row\", \"children\": [{\"data\": {\"layout-type\": \"column\", \"column-size\": 16}, \"type\": \"group\", \"children\": [{\"tile-type\": \"em_destaque\", \"type\": \"tile\", \"id\": \"432cf6bf0ec1431588b8cf7b1717d300\"}], \"roles\": [\"Manager\"]}]}]", "exclude_from_nav": false, "_path": "/portal/destaques"}