{"_content_type": "text/plain", "_type": "Link", "exclude_from_nav": false, "remoteUrl": "${portal_url}/sobre/perguntas-frequentes", "contributors": [], "language": "pt-br", "title": "Perguntas frequentes", "_id": "perguntas-frequentes", "_layout": "", "changeNote": "", "_defaultpage": "link_redirect_view", "plone.uuid": "6578356b8fdb496c8838353247c9ec04", "_classname": "Link", "_properties": [["title", "Perguntas frequentes", "string"]], "_gopip": 0, "creators": "Brasil", "skos": [], "_path": "/portal/rodape/coluna-2/barra-de-servicos/perguntas-frequentes"}