<?xml version="1.0"?>
<object name="portal_controlpanel"
    xmlns:i18n="http://xml.zope.org/namespaces/i18n" i18n:domain="plone">
 <configlet title="Markup" action_id="MarkupSettings"
    appId="MarkupSettings" category="Plone" condition_expr=""
    url_expr="string:${portal_url}/@@markup-controlpanel"
    icon_expr="string:${portal_url}/edit.png"
    visible="True" i18n:attributes="title">
  <permission>Manage portal</permission>
 </configlet>
 <configlet title="Calendar" action_id="CalendarSettings"
    appId="Plone" category="Plone" condition_expr=""
    url_expr="string:${portal_url}/@@calendar-controlpanel"
    icon_expr="string:${portal_url}/event_icon.png"
    visible="True" i18n:attributes="title">
  <permission>Manage portal</permission>
 </configlet>
</object>
