{"_content_type": "text/plain", "_type": "Folder", "exclude_from_nav": false, "nextPreviousEnabled": false, "description": "Conv\u00eanios", "contributors": [], "title": "Conv\u00eanios", "_id": "convenios", "_layout": "", "rights": "", "_data_relatedItems": [], "_defaultpage": "pagina-sobre-convenios", "plone.uuid": "b0ef10f49b594c3bb23117c794adad3d", "_classname": "Folder", "_properties": [["title", "Conv\u00eanios", "string"], ["default_page", "pagina-sobre-convenios", "string"]], "_gopip": 3, "creators": "Brasil", "_path": "/portal/sobre/convenios"}