<?xml version="1.0"?>
<dc-workflow xmlns:i18n="http://xml.zope.org/namespaces/i18n"
   i18n:domain="plone"
   workflow_id="poll_workflow"
   title="Poll Workflow"
   description="Workflow to be used with polls"
   state_variable="review_state"
   initial_state="private"
   manager_bypass="False"
   i18n:attributes="title; description">

 <permission>Access contents information</permission>
 <permission>Modify portal content</permission>
 <permission>View</permission>
 <permission>collective.polls: Vote</permission>

 <state state_id="closed" title="Closed"  i18n:attributes="title">
  <exit-transition transition_id="open"/>
  <permission-map name="Access contents information" acquired="True">
  </permission-map>
  <permission-map name="Modify portal content" acquired="False">
  </permission-map>
  <permission-map name="View" acquired="True">
  </permission-map>
  <permission-map name="collective.polls: Vote" acquired="False">
  </permission-map>
 </state>

 <state state_id="open" title="Opened"  i18n:attributes="title">
  <exit-transition transition_id="close"/>
  <exit-transition transition_id="reject"/>
  <permission-map name="Access contents information" acquired="True">
  </permission-map>
  <permission-map name="Modify portal content" acquired="False">
  </permission-map>
  <permission-map name="View" acquired="True">
  </permission-map>
  <permission-map name="collective.polls: Vote" acquired="False">
   <permission-role>Contributor</permission-role>
   <permission-role>Editor</permission-role>
   <permission-role>Manager</permission-role>
   <permission-role>Member</permission-role>
   <permission-role>Reader</permission-role>
   <permission-role>Reviewer</permission-role>
   <permission-role>Site Administrator</permission-role>
  </permission-map>
 </state>

 <state state_id="pending" title="Pending review"  i18n:attributes="title">
  <exit-transition transition_id="open"/>
  <exit-transition transition_id="retract"/>
  <exit-transition transition_id="reject"/>
  <permission-map name="Access contents information" acquired="False">
   <permission-role>Manager</permission-role>
   <permission-role>Owner</permission-role>
   <permission-role>Editor</permission-role>
   <permission-role>Reader</permission-role>
   <permission-role>Contributor</permission-role>
   <permission-role>Reviewer</permission-role>
   <permission-role>Site Administrator</permission-role>
  </permission-map>
  <permission-map name="Modify portal content" acquired="False">
   <permission-role>Manager</permission-role>
   <permission-role>Reviewer</permission-role>
   <permission-role>Site Administrator</permission-role>
  </permission-map>
  <permission-map name="View" acquired="False">
   <permission-role>Manager</permission-role>
   <permission-role>Owner</permission-role>
   <permission-role>Editor</permission-role>
   <permission-role>Reader</permission-role>
   <permission-role>Contributor</permission-role>
   <permission-role>Reviewer</permission-role>
   <permission-role>Site Administrator</permission-role>
  </permission-map>
  <permission-map name="collective.polls: Vote" acquired="False">
  </permission-map>
 </state>

 <state state_id="private" title="Private"  i18n:attributes="title">
  <exit-transition transition_id="open"/>
  <exit-transition transition_id="submit"/>
  <permission-map name="Access contents information" acquired="False">
   <permission-role>Manager</permission-role>
   <permission-role>Owner</permission-role>
   <permission-role>Editor</permission-role>
   <permission-role>Reader</permission-role>
   <permission-role>Contributor</permission-role>
   <permission-role>Site Administrator</permission-role>
  </permission-map>
  <permission-map name="Modify portal content" acquired="False">
   <permission-role>Editor</permission-role>
   <permission-role>Manager</permission-role>
   <permission-role>Owner</permission-role>
   <permission-role>Site Administrator</permission-role>
  </permission-map>
  <permission-map name="View" acquired="False">
   <permission-role>Manager</permission-role>
   <permission-role>Owner</permission-role>
   <permission-role>Editor</permission-role>
   <permission-role>Reader</permission-role>
   <permission-role>Contributor</permission-role>
   <permission-role>Site Administrator</permission-role>
  </permission-map>
  <permission-map name="collective.polls: Vote" acquired="False">
  </permission-map>
 </state>

 <transition transition_id="close" title="Reviewer closes the poll"
             new_state="closed"
             trigger="USER"
             before_script=""
             after_script=""
              i18n:attributes="title">
  <action url="%(content_url)s/content_status_modify?workflow_action=close"
          category="workflow"
          i18n:translate="">Close</action>
  <guard>
   <guard-permission>collective.polls: Close poll</guard-permission>
  </guard>
 </transition>

 <transition transition_id="open" title="Reviewer opens the poll"
             new_state="open"
             trigger="USER"
             before_script=""
             after_script=""
             i18n:attributes="title">
  <action url="%(content_url)s/content_status_modify?workflow_action=open"
          category="workflow"
          i18n:translate="">Open</action>
  <guard>
   <guard-permission>Review portal content</guard-permission>
  </guard>
 </transition>

 <transition transition_id="retract" title="Member retracts submission"
             new_state="private"
             trigger="USER"
             before_script=""
             after_script=""
             i18n:attributes="title">
  <action url="%(content_url)s/content_status_modify?workflow_action=retract"
          category="workflow"
          i18n:translate="">Retract</action>
  <guard>
   <guard-permission>Request review</guard-permission>
  </guard>
 </transition>

 <transition transition_id="reject" title="Reviewer rejects the poll"
             new_state="private"
             trigger="USER"
             before_script=""
             after_script=""
             i18n:attributes="title">
  <action url="%(content_url)s/content_status_modify?workflow_action=reject"
          category="workflow"
          i18n:translate="">Reject</action>
  <guard>
   <guard-permission>Review portal content</guard-permission>
  </guard>
 </transition>

 <transition transition_id="submit" title="Member submits poll for opening"
             new_state="pending"
             trigger="USER"
             before_script=""
             after_script=""
             i18n:attributes="title">
  <action url="%(content_url)s/content_status_modify?workflow_action=submit"
          category="workflow"
          i18n:translate="">Submit for opening</action>
  <guard>
   <guard-permission>Request review</guard-permission>
  </guard>
 </transition>

 <worklist worklist_id="reviewer_queue" title="">
  <description>Reviewer tasks</description>
  <action url="%(portal_url)s/search?review_state=pending" category="global" icon="">Pending (%(count)d)</action>
  <guard>
   <guard-permission>Review portal content</guard-permission>
  </guard>
  <match name="review_state" values="pending"/>
 </worklist>

 <variable variable_id="action" for_catalog="False" for_status="True" update_always="True">
  <description>Previous transition</description>
  <default>
   <expression>transition/getId|nothing</expression>
  </default>
  <guard>
  </guard>
 </variable>

 <variable variable_id="actor" for_catalog="False" for_status="True" update_always="True">
  <description>The ID of the user who performed the previous transition</description>
  <default>
   <expression>user/getId</expression>
  </default>
  <guard>
  </guard>
 </variable>

 <variable variable_id="comments" for_catalog="False" for_status="True" update_always="True">
  <description>Comment about the last transition</description>
  <default>
   <expression>python:state_change.kwargs.get('comment', '')</expression>
  </default>
  <guard>
  </guard>
 </variable>

 <variable variable_id="review_history" for_catalog="False" for_status="False" update_always="False">
  <description>Provides access to workflow history</description>
  <default>
   <expression>state_change/getHistory</expression>
  </default>
  <guard>
   <guard-permission>Request review</guard-permission>
   <guard-permission>Review portal content</guard-permission>
  </guard>
 </variable>

 <variable variable_id="time" for_catalog="False" for_status="True" update_always="True">
  <description>When the previous transition was performed</description>
  <default>
   <expression>state_change/getDateTime</expression>
  </default>
  <guard>
  </guard>
 </variable>
</dc-workflow>
