{"_content_type": "text/plain", "_type": "Link", "exclude_from_nav": false, "remoteUrl": "${portal_url}/pastas-com-exemplos-de-pecas", "contributors": [], "language": "pt-br", "title": "Exemplos de pe\u00e7as", "_id": "exemplos-de-pecas", "_layout": "", "changeNote": "", "_defaultpage": "link_redirect_view", "plone.uuid": "cb7e29344a324b12b1e44f15056baae4", "_classname": "Link", "_properties": [["title", "Exemplos de pe\u00e7as", "string"]], "_gopip": 1, "creators": "Brasil", "_path": "/portal/menu-de-apoio/exemplos-de-pecas"}