{"_content_type": "text/plain", "_type": "Link", "exclude_from_nav": false, "remoteUrl": "${portal_url}/fale-com-orgao", "contributors": [], "language": "pt-br", "title": "Contato", "_id": "contato", "_layout": "", "changeNote": "", "_defaultpage": "link_redirect_view", "plone.uuid": "29f63650f10b4933a03b496b0fa28852", "_classname": "Link", "_properties": [["title", "Contato", "string"]], "_gopip": 1, "creators": "Brasil", "skos": [], "_path": "/portal/rodape/coluna-2/barra-de-servicos/contato"}