{"contributors": [], "query": [{"i": "portal_type", "o": "plone.app.querystring.operation.selection.is", "v": ["sc.embedder"]}, {"i": "path", "o": "plone.app.querystring.operation.string.path", "v": "/videos/colecao-de-videos-para-editorias"}], "exclude_from_nav": false, "skos": [], "_gopip": 5, "title": "Galeria de v\u00eddeo em uma coluna", "sort_on": "effective", "item_count": 50, "_type": "Collection", "_layout": "", "_data_relatedItems": [], "_classname": "Collection", "sort_reversed": true, "_content_type": "text/plain", "_id": "galeria-de-video-em-uma-coluna", "language": "pt-br", "effective": "2013-06-04 14:08:00", "_defaultpage": "standard_view", "limit": 1000, "plone.uuid": "0fc1b0e97dca4fbaa3410c3185ea9c14", "_properties": [["title", "Galeria de v\u00eddeo em uma coluna", "string"]], "creators": "Brasil", "_path": "/portal/videos/colecao-de-videos-para-editorias/galeria-de-video-em-uma-coluna"}