{"_content_type": "text/plain", "_type": "Link", "exclude_from_nav": false, "remoteUrl": "${portal_url}/rss/o-que-e", "contributors": [], "language": "pt-br", "title": "O que \u00e9?", "_id": "o-que-e", "_layout": "", "changeNote": "", "_defaultpage": "link_redirect_view", "plone.uuid": "549ef995563e40a28d89dd8aa3b1443e", "_classname": "Link", "_properties": [["title", "O que \u00e9?", "string"]], "_gopip": 0, "creators": "Brasil", "skos": [], "_path": "/portal/rodape/quarta_coluna/rss/o-que-e"}