{"_content_type": "text/plain", "_type": "Folder", "exclude_from_nav": false, "nextPreviousEnabled": false, "effective": "2013-05-31 11:04:14", "language": "pt-br", "title": "Servidores", "_id": "servidores", "_layout": "", "_data_relatedItems": [], "contributors": [], "_defaultpage": "pagina-com-lista-de-servidores", "plone.uuid": "e4ff6cf4a0cb44f9b0f4b294b773e747", "_classname": "Folder", "_properties": [["title", "Servidores", "string"], ["default_page", "pagina-com-lista-de-servidores", "string"]], "_gopip": 6, "creators": "Brasil", "skos": [], "_path": "/portal/sobre/servidores"}