{"contributors": [], "text": "<p>Seja bem-vindo!</p>\r\n<p>Voc\u00ea est\u00e1 acessando o novo modelo de plataforma digital criada pela\u00a0Secretaria de Comunica\u00e7\u00e3o Social da Presid\u00eancia da Rep\u00fablica (Secom).<span>\u00a0Trata-se de uma unidade de comunica\u00e7\u00e3o digital que re\u00fane o que h\u00e1 de mais avan\u00e7ado em solu\u00e7\u00f5es digitais de acessibilidade e divulga\u00e7\u00e3o de informa\u00e7\u00f5es nos mais variados formatos (textos, v\u00eddeo, fotos etc.).</span></p>\r\n<p>O objetivo principal dessa estrutura \u00e9 oferecer unidade na presen\u00e7a digital dos \u00f3rg\u00e3os do Sicom para que o cidad\u00e3o navegue e encontre, com mais facilidade e com um m\u00ednimo de curva de aprendizado, as informa\u00e7\u00f5es sobre as pol\u00edticas p\u00fablicas, equipamentos e servi\u00e7os ofertados pelo Governo Federal. Sendo assim, portanto, uma ferramenta facilitadora para o cidad\u00e3o exercer o direito \u00e0 cidadania.</p>\r\n<p>Navegue pelo site e conhe\u00e7a todas as aplica\u00e7\u00f5es poss\u00edveis para os mais variados conte\u00fados, sejam v\u00eddeos, imagens, \u00e1udios e textos.</p>\r\n<p>Bom trabalho!</p>\r\n<p>\u00a0</p>\r\n<p><strong>Leia tamb\u00e9m:</strong><br/><a class=\"external-link\" href=\"../../../docs/diretrizes\" target=\"_self\" title=\"\"><br/>O que \u00e9 a identidade digital padr\u00e3o do governo?\u00a0</a></p>\r\n<p><a class=\"external-link\" href=\"../../../docs/boas-praticas\" target=\"_self\" title=\"\">Boas pr\u00e1ticas no tratamento do texto na web</a><a class=\"external-link\" href=\"http://identidade-digital-de-governo-plone.readthedocs.org/en/latest/\" target=\"_self\" title=\"\"><br/><br/>Consulte o manual t\u00e9cnico de instala\u00e7\u00e3o do novo modelo de identidade digital padr\u00e3o<br/><br/><br/></a></p>", "skos": ["http://vocab.e.gov.br/2011/03/vcge#informacoes-sobre-pais", "http://vocab.e.gov.br/2011/03/vcge#assistencia-juridica-gratuita"], "_gopip": 2, "title": "Conhe\u00e7a o novo modelo da identidade digital padr\u00e3o do governo federal", "section": "Not\u00edcias", "subjects": ["tag 1", "tag 2", "tag 3"], "_type": "collective.nitf.content", "description": "Estrutura re\u00fane o que h\u00e1 de mais adequado em solu\u00e7\u00f5es digitais de acessibilidade e de divulga\u00e7\u00e3o de informa\u00e7\u00f5es nos mais variados formatos; conhe\u00e7a todos os detalhes deste novo modelo", "_layout": "", "_classname": "NITF", "genre": "Current", "creators": "Brasil", "_content_type": "text/plain", "_data_relatedItems": [], "effective": "2013-06-04 10:31:00", "language": "pt-br", "_defaultpage": "view", "plone.uuid": "f8a546d07cf34de197ce6ef9f9cd7162", "_properties": [["title", "Conhe\u00e7a o novo modelo da identidade digital padr\u00e3o do governo federal", "string"]], "_id": "conheca-o-novo-modelo-da-identidade-digital-padrao-do-governo-federal", "urgency": 5, "_path": "/portal/noticias/conheca-o-novo-modelo-da-identidade-digital-padrao-do-governo-federal"}