{"_content_type": "text/plain", "_type": "Link", "exclude_from_nav": false, "remoteUrl": "http://www.brasil.gov.br", "contributors": [], "language": "pt-br", "title": "Exemplo de link ", "_id": "link-1", "_layout": "", "changeNote": "", "_defaultpage": "link_redirect_view", "plone.uuid": "14ce861fdf6e4bc39da88453f3c1a3bc", "_classname": "Link", "_properties": [["title", "Exemplo de link ", "string"]], "_gopip": 9, "creators": "Brasil", "skos": [], "_path": "/portal/pastas-com-exemplos-de-pecas/link-1"}