{"_content_type": "text/plain", "_type": "Link", "exclude_from_nav": false, "remoteUrl": "http://tv1-lnx-04.grupotv1.com/portalmodelo", "contributors": [], "language": "pt-br", "title": "Acesso a sistemas", "_id": "acesso-a-sistemas", "_layout": "", "changeNote": "", "_defaultpage": "link_redirect_view", "plone.uuid": "09feee2a83074a9eb87f13008dc34061", "_classname": "Link", "_properties": [["title", "Acesso a sistemas", "string"]], "_gopip": 2, "creators": "Brasil", "skos": [], "_path": "/portal/rodape/coluna-2/barra-de-servicos/acesso-a-sistemas"}