<?xml version="1.0"?>
<object name="portal_actions" meta_type="Plone Actions Tool"
   xmlns:i18n="http://xml.zope.org/namespaces/i18n">

 <object name="controlpanel" meta_type="CMF Action Category">
  <object name="controlpanel_addons" meta_type="CMF Action Category">

   <object name="dexterity-types" meta_type="CMF Action" i18n:domain="plone.app.dexterity">
    <property name="title" i18n:translate="">Dexterity Content Types</property>
    <property name="description" i18n:translate=""></property>
    <property name="url_expr">string:${portal_url}/@@dexterity-types</property>
    <property name="icon_expr"></property>
    <property name="available_expr"></property>
    <property name="permissions">
     <element value="Manage portal"/>
    </property>
    <property name="visible">True</property>
   </object>

  </object>
 </object>
</object>
