{"contributors": [], "query": [{"i": "portal_type", "o": "plone.app.querystring.operation.selection.is", "v": ["Document"]}, {"i": "path", "o": "plone.app.querystring.operation.string.path", "v": "/eventos/"}], "exclude_from_nav": false, "skos": [], "_gopip": 7, "title": "Agenda do Ministro", "sort_on": "effective", "item_count": 30, "_type": "Collection", "_layout": "", "_data_relatedItems": [], "_classname": "Collection", "sort_reversed": false, "_content_type": "text/plain", "_id": "agenda-do-ministro", "language": "pt-br", "effective": "2013-06-13 19:46:10", "_defaultpage": "summary_view", "limit": 1000, "plone.uuid": "a380316b84a04620bf486665a42fbc7d", "_properties": [["title", "Agenda do Ministro", "string"], ["layout", "summary_view", "string"]], "creators": "Brasil", "_path": "/portal/eventos/agenda-do-ministro"}