{"_content_type": "text/plain", "_type": "Folder", "exclude_from_nav": true, "nextPreviousEnabled": false, "description": "Banco de Imagens", "language": "pt-br", "title": "Imagens", "_id": "imagens", "_layout": "", "_data_relatedItems": [], "contributors": [], "_defaultpage": "folder_summary_view", "plone.uuid": "bc8a50bb65c94a7485d902e16f6951b6", "_classname": "Folder", "_properties": [["title", "Imagens", "string"], ["layout", "folder_summary_view", "string"]], "_gopip": 71, "creators": "Brasil", "skos": [], "_path": "/portal/imagens"}