<?xml version="1.0"?>
<portlets>
 <assignment name="apoio" category="context" key="/"
    manager="plone.leftcolumn" type="portlets.Navigation" visible="True">
  <property name="topLevel">0</property>
  <property name="currentFolderOnly">False</property>
  <property name="name"></property>
  <property name="includeTop">False</property>
  <property name="bottomLevel">0</property>
  <property name="root">/menu-de-apoio</property>
 </assignment>
 <assignment name="assuntos" category="context" key="/"
    manager="plone.leftcolumn" type="portlets.Navigation" visible="True">
  <property name="topLevel">0</property>
  <property name="currentFolderOnly">False</property>
  <property name="name">Assuntos</property>
  <property name="includeTop">False</property>
  <property name="bottomLevel">0</property>
  <property name="root">/assuntos</property>
 </assignment>
 <assignment name="sobre" category="context" key="/"
    manager="plone.leftcolumn" type="portlets.Navigation" visible="True">
  <property name="topLevel">0</property>
  <property name="currentFolderOnly">False</property>
  <property name="name">Sobre</property>
  <property name="includeTop">False</property>
  <property name="bottomLevel">0</property>
  <property name="root">/sobre</property>
 </assignment>
</portlets>
