<?xml version="1.0"?>
<object meta_type="Plone Types Tool" name="portal_types">
 <property name="title">Controls the available content types in your portal</property>

 <object meta_type="Dexterity FTI" name="Document" remove="True" />
 <object meta_type="Dexterity FTI" name="Folder" remove="True" />
 <object meta_type="Dexterity FTI" name="Link" remove="True" />
 <object meta_type="Dexterity FTI" name="File" remove="True" />
 <object meta_type="Dexterity FTI" name="Image" remove="True" />
 <object meta_type="Dexterity FTI" name="News Item" remove="True" />
 <object meta_type="Dexterity FTI" name="Event" remove="True" />

 <object name="Document"
    meta_type="Factory-based Type Information with dynamic views"/>
 <object name="Event"
    meta_type="Factory-based Type Information with dynamic views"/>
 <object name="File"
    meta_type="Factory-based Type Information with dynamic views"/>
 <object name="Folder"
    meta_type="Factory-based Type Information with dynamic views"/>
 <object name="Image"
    meta_type="Factory-based Type Information with dynamic views"/>
 <object name="Link"
    meta_type="Factory-based Type Information with dynamic views"/>
 <object name="News Item"
    meta_type="Factory-based Type Information with dynamic views"/>
</object>
