<?xml version="1.0"?>
<object name="Agenda" meta_type="Dexterity FTI"
    xmlns:i18n="http://xml.zope.org/namespaces/i18n"
    i18n:domain="brasil.gov.agenda">

    <!-- Basic metadata -->
    <property name="title" i18n:translate="">Agenda</property>
    <property name="description" i18n:translate="">Agenda de membro do governo brasileiro.</property>
    <property name="content_icon">++resource++brasil.gov.agenda/agenda_icon.png</property>
    <property name="allow_discussion">False</property>
    <property name="global_allow">True</property>
    <property name="filter_content_types">True</property>
    <property name="allowed_content_types">
        <element value="AgendaDiaria" />
        <element value="Compromisso" />
    </property>

    <!-- schema interface and class used for content items -->
    <property name="schema"></property>
    <property name="klass">brasil.gov.agenda.content.agenda.Agenda</property>
    <property name="model_source"></property>
    <property name="model_file">brasil.gov.agenda.content.schema:Agenda.xml</property>

    <!-- add permission -->
    <property name="add_permission">brasil.gov.agenda.AddAgenda</property>

    <!-- enabled behaviors -->
    <property name="behaviors">
        <element value="plone.app.content.interfaces.INameFromTitle" />
        <element value="plone.app.dexterity.behaviors.metadata.IBasic" />
        <element value="plone.app.referenceablebehavior.referenceable.IReferenceable" />
        <element value="plone.app.dexterity.behaviors.nextprevious.INextPreviousToggle"/>        
    </property>

    <!-- View information -->
    <property name="default_view">view</property>
    <property name="default_view_fallback">False</property>
    <property name="view_methods">
        <element value="view"/>
    </property>

    <!-- Method aliases -->
    <alias from="(Default)" to="(dynamic view)"/>
    <alias from="edit" to="@@edit"/>
    <alias from="sharing" to="@@sharing"/>
    <alias from="view" to="(selected layout)"/>

    <!-- Actions -->
    <action title="View" action_id="view" category="object" condition_expr=""
    url_expr="string:${object_url}" visible="True">
        <permission value="View"/>
    </action>
    <action title="Edit" action_id="edit" category="object" condition_expr=""
    url_expr="string:${object_url}/edit" visible="True">
        <permission value="Modify portal content"/>
    </action>
</object>