{"locallyAllowedTypes": ["DoormatSection"], "contributors": [], "creation_date": "2013/05/31 12:52:0.428007 GMT-3", "_uid": "8fda27104995458fbeba6685380a525d", "expirationDate": "None", "_content_type_id": "text/plain", "immediatelyAddableTypes": ["DoormatSection"], "id": "quarta_coluna", "_content_type_nextPreviousEnabled": "text/plain", "subject": [], "_content_type_excludeFromNav": "text/plain", "_content_type_subject": "text/plain", "modification_date": "2013/05/31 12:52:47.506199 GMT-3", "title": "Quarta coluna", "_content_type_language": "text/plain", "_gopip": 3, "location": "", "_content_type_title": "text/plain", "excludeFromNav": true, "_atbrefs": {}, "constrainTypesMode": 0, "showTitle": false, "_type": "DoormatColumn", "description": "Terceira coluna", "_content_type_showTitle": "text/plain", "_atrefs": {}, "_content_type_rights": "text/html", "_content_type_locallyAllowedTypes": "text/plain", "allowDiscussion": false, "_content_type_allowDiscussion": "text/plain", "_content_type_immediatelyAddableTypes": "text/plain", "_classname": "DoormatColumn", "_content_type_constrainTypesMode": "text/plain", "_content_type": "text/plain", "_id": "quarta_coluna", "nextPreviousEnabled": false, "effectiveDate": "2013/05/31 12:52:47.505702 GMT-3", "language": "pt-br", "rights": "", "_content_type_creators": "text/plain", "_content_type_description": "text/plain", "_content_type_location": "text/x-unknown-content-type", "_properties": [["title", "Quarta coluna", "string"]], "_content_type_contributors": "text/plain", "creators": ["admin"], "_path": "/portal/rodape/quarta_coluna"}