<?xml version="1.0"?>
<object name="Dexterity Item" meta_type="Dexterity FTI"
   xmlns:i18n="http://xml.zope.org/namespaces/i18n">
 <property name="title">Dexterity Item</property>
 <property name="description"></property>
 <property name="content_icon"></property>
 <property name="link_target"></property>
 <property name="immediate_view">view</property>
 <property name="global_allow">True</property>
 <property name="filter_content_types">True</property>
 <property name="allowed_content_types"/>
 <property name="allow_discussion">False</property>
 <property name="default_view">view</property>
 <property name="view_methods">
  <element value="view"/>
 </property>
 <property name="default_view_fallback">False</property>
 <property name="add_permission">cmf.AddPortalContent</property>
 <property name="klass">plone.dexterity.content.Item</property>
 <property name="behaviors">
  <element value="plone.app.dexterity.behaviors.metadata.IDublinCore"/>
 </property>
 <property name="schema"></property>
 <property name="model_source"></property>
 <property name="model_file">plone.api.tests:Dexterity_Item.xml</property>
 <alias from="(Default)" to="(dynamic view)"/>
 <alias from="edit" to="@@edit"/>
 <alias from="sharing" to="@@sharing"/>
 <alias from="view" to="(selected layout)"/>
 <action title="View" action_id="view" category="object" condition_expr=""
    icon_expr="" link_target="" url_expr="string:${object_url}"
    visible="True">
  <permission value="View"/>
 </action>
 <action title="Edit" action_id="edit" category="object" condition_expr=""
    icon_expr="" link_target="" url_expr="string:${object_url}/edit"
    visible="True">
  <permission value="Modify portal content"/>
 </action>
</object>
