{"table_of_contents": false, "contributors": [], "text": "<p><span>Lorem ipsum dolor sit amet, consectetur adipisicing elit, sed do eiusmod tempor incididunt ut labore et dolore magna aliqua. Ut enim ad minim veniam, quis nostrud exercitation ullamco laboris nisi ut aliquip ex ea commodo consequat. Duis aute irure dolor in reprehenderit in voluptate velit esse cillum dolore eu fugiat nulla pariatur. Excepteur sint occaecat cupidatat non proident, sunt in culpa qui officia deserunt mollit anim id est laborum.</span></p>\r\n<p><span><span>Lorem ipsum dolor sit amet, consectetur adipisicing elit, sed do eiusmod tempor incididunt ut labore et dolore magna aliqua. Ut enim ad minim veniam, quis nostrud exercitation ullamco laboris nisi ut aliquip ex ea commodo consequat. Duis aute irure dolor in reprehenderit in voluptate velit esse cillum dolore eu fugiat nulla pariatur. Excepteur sint occaecat cupidatat non proident, sunt in culpa qui officia deserunt mollit anim id est laborum.</span></span></p>\r\n<p><span><span><span>Lorem ipsum dolor sit amet, consectetur adipisicing elit, sed do eiusmod tempor incididunt ut labore et dolore magna aliqua. Ut enim ad minim veniam, quis nostrud exercitation ullamco laboris nisi ut aliquip ex ea commodo consequat. Duis aute irure dolor in reprehenderit in voluptate velit esse cillum dolore eu fugiat nulla pariatur. Excepteur sint occaecat cupidatat non proident, sunt in culpa qui officia deserunt mollit anim id est laborum.</span></span></span></p>\r\n<p><span><span><span><span>Lorem ipsum dolor sit amet, consectetur adipisicing elit, sed do eiusmod tempor incididunt ut labore et dolore magna aliqua. Ut enim ad minim veniam, quis nostrud exercitation ullamco laboris nisi ut aliquip ex ea commodo consequat. Duis aute irure dolor in reprehenderit in voluptate velit esse cillum dolore eu fugiat nulla pariatur. Excepteur sint occaecat cupidatat non proident, sunt in culpa qui officia deserunt mollit anim id est laborum.</span></span></span></span></p>", "exclude_from_nav": false, "skos": ["http://vocab.e.gov.br/2011/03/vcge#informacoes-sobre-pais"], "_gopip": 0, "title": "P\u00e1gina sobre auditorias", "subjects": ["tag 1", "tag 2", "tag 3"], "_type": "Document", "description": "\u00c1rea agrega os documentos que atestam a idoneidade do \u00f3rg\u00e3o na gest\u00e3o administrativa. Pode vir em forma de lista de documentos, por exemplo, em em texto com links para os documentos", "_layout": "", "_id": "pagina-sobre-auditorias", "_classname": "Document", "_content_type": "text/plain", "_data_relatedItems": [], "effective": "2013-06-04 09:58:00", "language": "pt-br", "changeNote": "", "_defaultpage": "document_view", "plone.uuid": "9f536b2ff4964593888ddcd5607bb10c", "_properties": [["title", "P\u00e1gina sobre auditorias", "string"]], "creators": "Brasil", "_path": "/portal/sobre/auditorias/pagina-sobre-auditorias"}