{"table_of_contents": false, "contributors": [], "text": "<p>\nO termo acessibilidade significa incluir a pessoa com defici&ecirc;ncia na participa&ccedil;&atilde;o de atividades como o uso de produtos, servi&ccedil;os e informa&ccedil;&otilde;es. Alguns exemplos s&atilde;o os pr&eacute;dios com rampas de acesso para cadeira de rodas e banheiros adaptados para deficientes.\n</p>\n\n<p>\n  Na internet, acessibilidade refere-se principalmente &agrave;s recomenda&ccedil;&otilde;es do WCAG (World Content Accessibility Guide) do W3C e no caso do Governo Brasileiro ao e-MAG (Modelo de Acessibilidade em Governo Eletr&ocirc;nico). O e-MAG est&aacute; alinhado as recomenda&ccedil;&otilde;es internacionais, mas estabelece padr&otilde;es de comportamento acess&iacute;vel para sites governamentais.\n</p>\n\n<p>\n  Na parte superior do portal existe uma barra de acessibilidade onde se encontra atalhos de navega&ccedil;&atilde;o padronizados e a op&ccedil;&atilde;o para alterar o contraste. Essas ferramentas est&atilde;o dispon&iacute;veis em todas as p&aacute;ginas do portal.\n</p>\n\n<p>\n  Os atalhos padr&otilde;es do governo federal s&atilde;o:\n</p>\n\n<p>\n  Teclando-se Alt + 1 em qualquer p&aacute;gina do portal, chega-se diretamente ao come&ccedil;o do conte&uacute;do principal da p&aacute;gina.\n</p>\n\n<p>\n  Teclando-se Alt + 2 em qualquer p&aacute;gina do portal, chega-se diretamente ao in&iacute;cio do menu principal.\n</p>\n\n<p>\n  Teclando-se Alt + 3 em qualquer p&aacute;gina do portal, chega-se diretamente em sua busca interna.\n</p>\n\n<p>\n  No caso do Firefox, em vez de Alt + n&uacute;mero, tecle simultaneamente Alt + Shift + n&uacute;mero.\n</p>\n\n<p>\n  Sendo Firefox no Mac OS, em vez de Alt + Shift + n&uacute;mero, tecle simultaneamente Ctrl + Alt + n&uacute;mero.\n</p>\n\n<p>\n  No Opera, as teclas s&atilde;o Shift + Escape + n&uacute;mero. Ao teclar apenas Shift + Escape, o usu&aacute;rio encontrar&aacute; uma janela com todas as alternativas de ACCESSKEY da p&aacute;gina.\n</p>\n\n<p>\n  Ao final desse texto, voc&ecirc; poder&aacute; baixar alguns arquivos que explicam melhor o termo acessibilidade e como deve ser implementado nos sites da Internet.\n</p>\n\n\n<h2>Leis e decretos sobre acessibilidade:</h2>\n\n<ul>\n    <li>\n      Decreto n&ordm; 5.296 de 02 de dezembro de 2004 (<a class='external-link' href='http://www.planalto.gov.br/ccivil_03/_Ato2004-2006/2004/Decreto/D5296.htm'>http://www.planalto.gov.br/ccivil_03/_Ato2004-2006/2004/Decreto/D5296.htm</a>)\n    </li>\n    <li>\n      Decreto n&ordm; 6.949, de 25 de agosto de 2009 - Promulga a Conven&ccedil;&atilde;o Internacional sobre os Direitos das Pessoas com Defici&ecirc;ncia e seu Protocolo Facultativo, assinados em Nova York, em 30 de mar&ccedil;o de 2007.\n    </li>\n    <li>\n      Decreto n&ordm; 7.724, de 16 de Maio de 2012 - Regulamenta a Lei No 12.527, que disp&otilde;e sobre o acesso a informa&ccedil;&otilde;es.\n    </li>\n    <li>\n      Modelo de Acessibilidade de Governo Eletr&ocirc;nico (<a class='external-link' href='http://www.governoeletronico.gov.br/acoes-e-projetos/e-MAG'>http://www.governoeletronico.gov.br/acoes-e-projetos/e-MAG</a>)\n    </li>\n    <li>\n      Portaria n&ordm; 03, de 07 de Maio de 2007 - formato .pdf (35,5Kb) - Institucionaliza o Modelo de Acessibilidade em Governo Eletr&ocirc;nico &ndash; e-MAG\n    </li>\n</ul>\n\n<h2>D&uacute;vidas, sugest&otilde;es e cr&iacute;ticas:</h2>\n\n<p>\n  No caso de problemas com a acessibilidade do portal, favor <a href='/contato' title='formulário de contato'>entrar em contato</a>.\n</p>\n", "exclude_from_nav": true, "skos": [], "_gopip": 0, "title": "Acessibilidade", "_type": "Document", "description": "Novo modelo de identidade digital padr\u00e3o do governo federal atende \u00e0s principais recomenda\u00e7\u00f5es de acessibilidade indicadas para web", "_layout": "", "_id": "acessibilidade", "_classname": "Document", "_content_type": "text/plain", "_data_relatedItems": [], "effective": "2013-06-19 18:27:27", "language": "pt-br", "changeNote": "", "_defaultpage": "document_view", "plone.uuid": "73b404c87ea64f36983d227b137d2572", "_properties": [["title", "Acessibilidade", "string"]], "creators": "Brasil", "_path": "/portal/acessibilidade/acessibilidade"}