{"_content_type": "text/plain", "_type": "Link", "exclude_from_nav": false, "remoteUrl": "http://www.acessoainformacao.gov.br/sistema/", "contributors": [], "language": "pt-br", "title": "Servi\u00e7o de Informa\u00e7\u00e3o ao Cidad\u00e3o - SIC", "_id": "servico-de-informacao-ao-cidadao-sic", "_layout": "", "changeNote": "", "_defaultpage": "link_redirect_view", "plone.uuid": "54782bd7cf634048875ab9fbb30ecd6a", "_classname": "Link", "_properties": [["title", "Servi\u00e7o de Informa\u00e7\u00e3o ao Cidad\u00e3o - SIC", "string"]], "_gopip": 0, "creators": "Brasil", "skos": [], "_path": "/portal/sobre/servico-informacao-cidadao-sic/servico-de-informacao-ao-cidadao-sic"}