<?xml version="1.0"?>
<registry>
  <record name="plone.app.tiles">
    <value purge="false">
      <element>em_destaque</element>
      <element>nitf</element>
      <element>poll</element>
      <element>destaque</element>
      <element>videogallery</element>
      <element>audio</element>
      <element>audiogallery</element>
      <element>mediacarousel</element>
      <element>social</element>
      <element>standaloneheader</element>
      <element>video</element>
      <element>banner_rotativo</element>
      <element>albuns</element>
    </value>
  </record>
</registry>
