<?xml version="1.0"?>
<object name="portal_skins" default_skin="Sunburst Theme">

 <object name="sunburst_images"
    meta_type="Filesystem Directory View"
    directory="plonetheme.sunburst:skins/sunburst_images"/>
 <object name="sunburst_templates"
    meta_type="Filesystem Directory View"
    directory="plonetheme.sunburst:skins/sunburst_templates"/>
 <object name="sunburst_styles"
    meta_type="Filesystem Directory View"
    directory="plonetheme.sunburst:skins/sunburst_styles"/>

 <skin-path name="Sunburst Theme" based-on="Plone Default">
  <layer name="sunburst_images"
     insert-after="custom"/>
  <layer name="sunburst_templates"
     insert-after="sunburst_images"/>
  <layer name="sunburst_styles"
     insert-after="sunburst_templates"/>
 </skin-path>

</object>
