{"table_of_contents": false, "contributors": [], "text": "<p><span>Lorem ipsum dolor sit amet, consectetur adipisicing elit, sed do eiusmod tempor incididunt ut labore et dolore magna aliqua. Ut enim ad minim veniam, quis nostrud exercitation ullamco laboris nisi ut aliquip ex ea commodo consequat. Duis aute irure dolor in reprehenderit in voluptate velit esse cillum dolore eu fugiat nulla pariatur. Excepteur sint occaecat cupidatat non proident, sunt in culpa qui officia deserunt mollit anim id est laborum.</span></p>\r\n<p><span><span>Lorem ipsum dolor sit amet, consectetur adipisicing elit, sed do eiusmod tempor incididunt ut labore et dolore magna aliqua. Ut enim ad minim veniam, quis nostrud exercitation ullamco laboris nisi ut aliquip ex ea commodo consequat. Duis aute irure dolor in reprehenderit in voluptate velit esse cillum dolore eu fugiat nulla pariatur. Excepteur sint occaecat cupidatat non proident, sunt in culpa qui officia deserunt mollit anim id est laborum.</span></span></p>\r\n<p><span><span><span>Lorem ipsum dolor sit amet, consectetur adipisicing elit, sed do eiusmod tempor incididunt ut labore et dolore magna aliqua. Ut enim ad minim veniam, quis nostrud exercitation ullamco laboris nisi ut aliquip ex ea commodo consequat. Duis aute irure dolor in reprehenderit in voluptate velit esse cillum dolore eu fugiat nulla pariatur. Excepteur sint occaecat cupidatat non proident, sunt in culpa qui officia deserunt mollit anim id est laborum.</span></span></span></p>\r\n<p><span><span><span>Lorem ipsum dolor sit amet, consectetur adipisicing elit, sed do eiusmod tempor incididunt ut labore et dolore magna aliqua. Ut enim ad minim veniam, quis nostrud exercitation ullamco laboris nisi ut aliquip ex ea commodo consequat. Duis aute irure dolor in reprehenderit in voluptate velit esse cillum dolore eu fugiat nulla pariatur. Excepteur sint occaecat cupidatat non proident, sunt in culpa qui officia deserunt mollit anim id est laborum.<br/></span></span></span></p>", "exclude_from_nav": false, "skos": ["http://vocab.e.gov.br/2011/03/vcge#organizacao-territorial"], "_gopip": 0, "title": "P\u00e1gina sobre a\u00e7\u00f5es do \u00f3rg\u00e3o", "subjects": ["tag 1", "tag 2", "tag 3"], "_type": "Document", "description": "\u00c1rea re\u00fane principais a\u00e7\u00f5es realizadas pelo departamento, como projetos e planos. Pode conter lista dos programas bem como links para as suas p\u00e1ginas localizadas em outra \u00e1rea do site", "_layout": "", "_id": "pagina-sobre-acoes-do-orgao", "_classname": "Document", "_content_type": "text/plain", "_data_relatedItems": [], "effective": "2013-06-04 09:52:00", "language": "pt-br", "changeNote": "", "_defaultpage": "document_view", "plone.uuid": "d2d5c2b2a71e4c8a9d028b3948a488bd", "_properties": [["title", "P\u00e1gina sobre a\u00e7\u00f5es do \u00f3rg\u00e3o", "string"]], "creators": "Brasil", "_path": "/portal/sobre/acoes-e-programas/pagina-sobre-acoes-do-orgao"}