{"_classname": "FGStringField", "contributors": [], "_content_type_fgDefault": "text/x-unknown-content-type", "_content_type_fgmaxlength": "text/plain", "creation_date": "2013/06/04 17:27:24.747298 GMT-3", "fgStringValidator": "", "_uid": "4caf72ca193345cda002e636e3b35203", "expirationDate": "None", "_content_type_fgTDefault": "text/x-unknown-content-type", "_content_type_id": "text/plain", "id": "topic", "_content_type_fgsize": "text/plain", "subject": [], "_content_type_excludeFromNav": "text/plain", "_content_type_subject": "text/plain", "effectiveDate": "None", "title": "Assunto", "_defaultpage": "fg_base_view_p3", "_content_type_fgStringValidator": "text/x-unknown-content-type", "fgTDefault": "", "_content_type_fgTValidator": "text/plain", "_content_type_language": "text/plain", "fgDefault": "", "_content_type_location": "text/x-unknown-content-type", "location": "", "_content_type_title": "text/plain", "hidden": false, "excludeFromNav": false, "_atbrefs": {}, "_type": "FormStringField", "description": "", "_atrefs": {}, "_layout": "", "_content_type_rights": "text/html", "_content_type_serverSide": "text/plain", "allowDiscussion": false, "_content_type_allowDiscussion": "text/plain", "fgTEnabled": "", "fgmaxlength": 255, "_content_type_required": "text/plain", "_content_type": "text/plain", "_id": "topic", "modification_date": "2013/06/04 17:27:25.022337 GMT-3", "language": "pt-br", "rights": "", "serverSide": false, "required": true, "_content_type_creators": "text/plain", "_content_type_fgTEnabled": "text/x-unknown-content-type", "_content_type_description": "text/plain", "_content_type_hidden": "text/plain", "fgTValidator": "python:False", "fgsize": 30, "_properties": [["title", "Assunto", "string"]], "_content_type_contributors": "text/plain", "_gopip": 2, "creators": ["editor"], "_path": "/portal/contato/topic"}