{"_content_type": "text/plain", "_type": "Link", "exclude_from_nav": false, "remoteUrl": "/portalmodelo/coluna-de-menus/assuntos/editoria-a", "description": "Dolor Sit", "language": "pt-br", "title": "Editoria A", "_id": "editoria-a", "_layout": "", "changeNote": "", "contributors": [], "_defaultpage": "link_redirect_view", "plone.uuid": "8548ceb3cc924333bb4d8dbc7697cb50", "_classname": "Link", "_properties": [["title", "Editoria A", "string"]], "_gopip": 0, "creators": "Brasil", "skos": [], "_path": "/portal/rodape/coluna-1/assuntos/editoria-a"}