{"_content_type": "text/plain", "_type": "Folder", "exclude_from_nav": false, "nextPreviousEnabled": false, "effective": "2013-05-31 16:34:00", "language": "pt-br", "title": "Menu de 2. n\u00edvel", "_id": "segundo-nivel", "_layout": "", "_data_relatedItems": [], "contributors": [], "_defaultpage": "pagina-de-texto-institucional", "plone.uuid": "d7921be110a74cddb81eb8de606790d9", "_classname": "Folder", "_properties": [["title", "Menu de 2. n\u00edvel", "string"], ["default_page", "pagina-de-texto-institucional", "string"]], "_gopip": 0, "creators": "Brasil", "skos": [], "_path": "/portal/assuntos/editoria-a/segundo-nivel"}