{"bcc_recipients": [], "_uid": "e005858c1d3e4cddaaa6033a420510e2", "recipient_email": "", "showFields": [], "_content_type_recipientOverride": "text/x-unknown-content-type", "title": "Remetente", "to_field": "#NONE#", "location": "", "_atbrefs": {}, "_content_type_rights": "text/html", "_content_type_allowDiscussion": "text/plain", "body_pre": "", "body_post": "", "_content_type_body_pt": "text/html", "allowDiscussion": false, "_content_type_body_footer": "text/plain", "_type": "FormMailerAdapter", "creation_date": "2013/06/04 17:27:24.613935 GMT-3", "body_footer": "", "body_type": "html", "_content_type_cc_recipients": "text/plain", "_content_type_ccOverride": "text/x-unknown-content-type", "subject": [], "_content_type_subject": "text/plain", "modification_date": "2013/06/04 17:27:24.977781 GMT-3", "_content_type_senderOverride": "text/x-unknown-content-type", "body_pt": "<html xmlns=\"http://www.w3.org/1999/xhtml\">\n\n  <head><title></title></head>\n\n  <body>\n    <p tal:content=\"here/getBody_pre | nothing\" />\n    <dl>\n        <tal:block repeat=\"field options/wrappedFields | nothing\">\n            <dt tal:content=\"field/fgField/widget/label\" />\n            <dd tal:content=\"structure python:field.htmlValue(request)\" />\n        </tal:block>\n    </dl>\n    <p tal:content=\"here/getBody_post | nothing\" />\n    <pre tal:content=\"here/getBody_footer | nothing\" />\n  </body>\n</html>\n", "_content_type_language": "text/plain", "showAll": true, "excludeFromNav": false, "_content_type_replyto_field": "text/plain", "subjectOverride": "", "_layout": "", "_content_type_contributors": "text/plain", "recipientOverride": "", "_classname": "FormMailerAdapter", "senderOverride": "", "_gopip": 0, "language": "pt-br", "_content_type_bccOverride": "text/x-unknown-content-type", "xinfo_headers": ["HTTP_X_FORWARDED_FOR", "REMOTE_ADDR", "PATH_INFO"], "_content_type_execCondition": "text/x-unknown-content-type", "_content_type_recipient_email": "text/x-unknown-content-type", "_content_type_body_pre": "text/plain", "expirationDate": "None", "_content_type_id": "text/plain", "replyto_field": "replyto", "includeEmpties": true, "execCondition": "", "additional_headers": [], "_content_type_title": "text/plain", "_atrefs": {}, "cc_recipients": [], "_content_type_gpg_keyid": "text/x-unknown-content-type", "rights": "", "_content_type_creators": "text/plain", "_content_type_subject_field": "text/plain", "_defaultpage": "base_view", "_content_type_subjectOverride": "text/x-unknown-content-type", "contributors": [], "_content_type_to_field": "text/plain", "bccOverride": "", "_content_type_msg_subject": "text/plain", "_content_type_additional_headers": "text/plain", "id": "mailer", "subject_field": "topic", "_content_type_excludeFromNav": "text/plain", "_content_type_includeEmpties": "text/plain", "_content_type_showAll": "text/plain", "_content_type_showFields": "text/plain", "_content_type_body_type": "text/plain", "_content_type_body_post": "text/plain", "ccOverride": "", "gpg_keyid": "", "_content_type_xinfo_headers": "text/plain", "description": "Formul\u00e1rio para a entrada de e-mails", "recipient_name": "", "_content_type_recipient_name": "text/x-unknown-content-type", "_content_type": "text/plain", "msg_subject": "Formul\u00e1rio de submiss\u00e3o", "creators": ["editor"], "effectiveDate": "None", "_content_type_bcc_recipients": "text/plain", "_content_type_description": "text/plain", "_content_type_location": "text/x-unknown-content-type", "_properties": [["title", "Remetente", "string"]], "_id": "mailer", "_path": "/portal/contato/mailer"}