{"contributors": [], "text": "<p>Lorem ipsum dolor sit amet, consectetur adipisicing elit, sed do eiusmod tempor incididunt ut labore et dolore magna aliqua.\u00a0Lorem ipsum dolor sit amet, consectetur adipisicing elit, sed do eiusmod tempor incididunt ut labore et dolore magna aliqua.\u00a0Lorem ipsum dolor sit amet, consectetur adipisicing elit, sed do eiusmod tempor incididunt ut labore et dolore magna aliqua</p>", "exclude_from_nav": false, "skos": [], "attendees": "Pessoa 1, Pessoa 2, Pessoa 2", "changeNote": "", "title": "Evento 2", "_gopip": 1, "location": "S\u00e3o Paulo", "start_date": "2013-01-05 09:00:00", "_type": "Event", "description": "Lorem ipsum dolor sit amet, consectetur adipisicing elit, sed do eiusmod tempor incididunt ut labore et dolore magna aliqua", "end_date": "2013-01-06 10:00:00", "_layout": "", "_classname": "Event", "creators": "Brasil", "_content_type": "text/plain", "_data_relatedItems": [], "language": "pt-br", "effective": "2013-06-13 18:18:54", "_defaultpage": "event_view", "plone.uuid": "5d47e754f527463882ca70eaeaed9801", "_properties": [["title", "Evento 2", "string"]], "_id": "evento-2", "_path": "/portal/eventos/evento-2"}