{"_content_type": "text/plain", "_type": "Folder", "exclude_from_nav": false, "nextPreviousEnabled": false, "effective": "2013-06-04 14:06:24", "language": "pt-br", "title": "Cole\u00e7\u00e3o de V\u00eddeos para Editorias", "_id": "colecao-de-videos-para-editorias", "_layout": "", "_data_relatedItems": [], "contributors": [], "_defaultpage": "atct_album_view", "plone.uuid": "88df685a03ae4b6380f90be0c7f30f14", "_classname": "Folder", "_properties": [["title", "Cole\u00e7\u00e3o de V\u00eddeos para Editorias", "string"], ["layout", "atct_album_view", "string"]], "_gopip": 0, "creators": "Brasil", "skos": [], "_path": "/portal/videos/colecao-de-videos-para-editorias"}