{"_content_type": "text/plain", "_type": "Folder", "exclude_from_nav": false, "nextPreviousEnabled": false, "description": "Menu de Apoio \u00e0 Navega\u00e7\u00e3o", "contributors": [], "title": "Menu de Apoio", "_id": "menu-de-apoio", "_layout": "", "rights": "", "_data_relatedItems": [], "_defaultpage": "folder_summary_view", "plone.uuid": "ed27a844d0044a59ac1df18c41102aa4", "_classname": "Folder", "_properties": [["title", "Menu de Apoio", "string"], ["layout", "folder_summary_view", "string"]], "_gopip": 65, "creators": "Brasil", "_path": "/portal/menu-de-apoio"}