[{"portal_type": "Folder", "id": "institucional", "title": "Institucional"}, {"portal_type": "Folder", "id": "acoes-e-programas", "title": "A\u00e7\u00f5es e programas"}, {"portal_type": "Folder", "id": "auditorias", "title": "Auditorias"}, {"portal_type": "Folder", "id": "convenios", "title": "Conv\u00eanios"}, {"portal_type": "Folder", "id": "despesas", "title": "Despesas"}, {"portal_type": "Folder", "id": "licitacoes-e-contratos", "title": "Licita\u00e7\u00f5es e contratos"}, {"portal_type": "Folder", "id": "servidores", "title": "Servidores"}, {"portal_type": "Folder", "id": "informacoes-classificadas", "title": "Informa\u00e7\u00f5es classificadas"}, {"portal_type": "Folder", "id": "servico-informacao-cidadao-sic", "title": "Servi\u00e7o de Informa\u00e7\u00e3o ao Cidad\u00e3o - SIC"}, {"portal_type": "Folder", "id": "perguntas-frequentes", "title": "Perguntas frequentes"}]