{"_content_type": "text/plain", "_type": "Folder", "exclude_from_nav": true, "nextPreviousEnabled": false, "effective": "2013-06-13 14:27:00", "language": "pt-br", "title": "Acesso a sistemas", "_id": "acesso-a-sistemas", "_layout": "", "_data_relatedItems": [], "contributors": [], "_defaultpage": "pagina-sobre-acesso-sistemas", "plone.uuid": "73766db4f2e2416b96ba316496ca545c", "_classname": "Folder", "_properties": [["title", "Acesso a sistemas", "string"], ["default_page", "pagina-sobre-acesso-sistemas", "string"]], "_gopip": 77, "creators": "Brasil", "skos": [], "_path": "/portal/acesso-a-sistemas"}