[{"portal_type": "Event", "id": "evento-1", "title": "Evento 1"}, {"portal_type": "Event", "id": "evento-2", "title": "Evento 2"}, {"portal_type": "Event", "id": "evento-3", "title": "Evento 3"}, {"portal_type": "Collection", "id": "colecao-de-eventos", "title": "Cole\u00e7\u00e3o de eventos"}, {"portal_type": "Document", "id": "agenda-do-senhor-ministro-13-06-2013", "title": "Agenda do senhor Ministro - 13/06/2013"}, {"portal_type": "Document", "id": "copy_of_agenda-do-senhor-ministro-13-06-2013", "title": "Agenda do senhor Ministro - 12/06/2013"}, {"portal_type": "Document", "id": "copy2_of_agenda-do-senhor-ministro-13-06-2013", "title": "Agenda do senhor Ministro - 11/06/2013"}, {"portal_type": "Collection", "id": "agenda-do-ministro", "title": "Agenda do Ministro"}, {"portal_type": "Image", "id": "brasao.jpg", "title": ""}]