<model xmlns="http://namespaces.plone.org/supermodel/schema"
       xmlns:indexer="http://namespaces.plone.org/supermodel/indexer"
       xmlns:form="http://namespaces.plone.org/supermodel/form"
       xmlns:i18n="http://xml.zope.org/namespaces/i18n"
       i18n:domain="brasil.gov.agenda">
  <schema>
    <field name="date" type="zope.schema.Date"
      form:validator="brasil.gov.agenda.content.agendadiaria.DateValidator">
        <description />
        <defaultFactory>brasil.gov.agenda.content.agendadiaria.default_date</defaultFactory>
        <title i18n:translate="">Data da Agenda</title>
    </field>
    <field name="autoridade" type="zope.schema.TextLine" indexer:searchable="true">
      <description i18n:translate=""></description>
      <required>False</required>
      <defaultFactory>brasil.gov.agenda.content.agendadiaria.default_autoridade</defaultFactory>
      <title i18n:translate="">Nome da autoridade</title>
    </field>
    <field name="location" type="zope.schema.TextLine" indexer:searchable="true">
      <description i18n:translate="">Local padrao para eventos durante este dia</description>
      <required>False</required>
        <defaultFactory>brasil.gov.agenda.content.agendadiaria.default_location</defaultFactory>
      <title i18n:translate="label_event_location">Event Location</title>
    </field>
    <field name="update" type="plone.app.textfield.RichText">
        <description i18n:translate="">Descreva aqui se esta agenda foi atualizada. Deixe este campo em branco se nao houver nenhuma atualizacao.</description>
        <required>False</required>
        <title i18n:translate="">Atualizacao</title>
    </field>
  </schema>
</model>