{"_content_type": "text/plain", "_type": "Folder", "exclude_from_nav": false, "nextPreviousEnabled": false, "effective": "2013-05-31 11:04:16", "language": "pt-br", "title": "Informa\u00e7\u00f5es classificadas", "_id": "informacoes-classificadas", "_layout": "", "_data_relatedItems": [], "contributors": [], "_defaultpage": "pagina-sobre-informacoes-classificadas", "plone.uuid": "80303bb6b17c40928118af7bc92fc6ed", "_classname": "Folder", "_properties": [["title", "Informa\u00e7\u00f5es classificadas", "string"], ["default_page", "pagina-sobre-informacoes-classificadas", "string"]], "_gopip": 7, "creators": "Brasil", "skos": [], "_path": "/portal/sobre/informacoes-classificadas"}