{"_content_type": "text/plain", "_type": "Link", "exclude_from_nav": false, "remoteUrl": "${portal_url}/acesso-a-sistemas", "contributors": [], "language": "pt-br", "title": "Acesso a sistemas", "_id": "acesso-a-sistemas", "_layout": "", "changeNote": "", "_defaultpage": "link_redirect_view", "plone.uuid": "83fd2a54589947a98c292015b019e6e4", "_classname": "Link", "_properties": [["title", "Acesso a sistemas", "string"]], "_gopip": 2, "creators": "Brasil", "skos": [], "_path": "/portal/servicos/acesso-a-sistemas"}