{"_content_type": "text/plain", "_type": "Folder", "exclude_from_nav": false, "nextPreviousEnabled": false, "description": "Auditorias", "contributors": [], "title": "Auditorias", "_id": "auditorias", "_layout": "", "rights": "", "_data_relatedItems": [], "_defaultpage": "pagina-sobre-auditorias", "plone.uuid": "248d1861fbc04a07af48a22cc1c3bf1b", "_classname": "Folder", "_properties": [["title", "Auditorias", "string"], ["default_page", "pagina-sobre-auditorias", "string"]], "_gopip": 2, "creators": "Brasil", "_path": "/portal/sobre/auditorias"}