{"_content_type": "text/plain", "_type": "Folder", "exclude_from_nav": false, "nextPreviousEnabled": false, "contributors": [], "language": "pt-br", "title": "Institucional", "_id": "institucional", "_layout": "", "_data_relatedItems": [], "_defaultpage": "texto-de-apresentacao-do-orgao", "plone.uuid": "8fab7b0c142f4d8ea5c3ddde9e4fd4cc", "_classname": "Folder", "_properties": [["title", "Institucional", "string"], ["default_page", "texto-de-apresentacao-do-orgao", "string"]], "_gopip": 0, "creators": "Brasil", "_path": "/portal/sobre/institucional"}