<?xml version="1.0"?>
<object name="Discussion Item" meta_type="Factory-based Type Information"
   i18n:domain="plone" xmlns:i18n="http://xml.zope.org/namespaces/i18n">
 <property name="title" i18n:translate=""></property>
 <property name="description"
    i18n:translate="">Discussion Items are documents which reply to other content.
  They should *not* be addable through the standard 'folder_factories' interface.</property>
 <property name="icon_expr">string:${portal_url}/discussionitem_icon.png</property>
 <property name="content_meta_type">Discussion Item</property>
 <property name="product"></property>
 <property name="factory"></property>
 <property name="immediate_view"></property>
 <property name="global_allow">True</property>
 <property name="filter_content_types">True</property>
 <property name="allowed_content_types"/>
 <property name="allow_discussion">False</property>
 <alias from="(Default)" to="discussionitem_view"/>
 <alias from="view" to="discussionitem_view"/>
 <action title="View" action_id="view" category="object" condition_expr=""
    url_expr="string:${object_url}/discussionitem_view" visible="True"
    i18n:attributes="title">
  <permission value="View"/>
 </action>
 <action title="External Edit" action_id="external_edit" category="object"
    condition_expr="" url_expr="string:$object_url/external_edit"
    visible="False" i18n:attributes="title">
  <permission value="Modify portal content"/>
 </action>
</object>
