{"contributors": [], "query": [{"i": "portal_type", "o": "plone.app.querystring.operation.selection.is", "v": ["collective.nitf.content"]}, {"i": "path", "o": "plone.app.querystring.operation.string.path", "v": "/noticias/"}], "exclude_from_nav": false, "skos": [], "_gopip": 0, "title": "\u00daltimas not\u00edcias", "sort_on": "effective", "item_count": 30, "_type": "Collection", "_layout": "", "_data_relatedItems": [], "_classname": "Collection", "sort_reversed": false, "_content_type": "text/plain", "_id": "ultimas-noticias", "language": "pt-br", "effective": "2013-06-04 12:44:00", "_defaultpage": "standard_view", "limit": 1000, "plone.uuid": "4279a5f9453443cab4437d9cab53f2d9", "_properties": [["title", "\u00daltimas not\u00edcias", "string"], ["layout", "standard_view", "string"]], "creators": "Brasil", "_path": "/portal/noticias/ultimas-noticias"}