{"_content_type": "text/plain", "_type": "Link", "exclude_from_nav": false, "remoteUrl": "${portal_url}/assuntos/lorem-ipsum", "description": "Lorem Ipsum", "contributors": [], "title": "Editoria B", "_id": "editoria-b", "_layout": "", "rights": "", "changeNote": "", "_defaultpage": "link_redirect_view", "plone.uuid": "9516f9cfad6e4baa9976260956d9d87e", "_classname": "Link", "_properties": [["title", "Editoria B", "string"]], "_gopip": 1, "creators": "Brasil", "skos": [], "_path": "/portal/rodape/coluna-1/assuntos/editoria-b"}