{"_content_type": "text/plain", "_type": "Link", "exclude_from_nav": false, "remoteUrl": "${portal_url}/noticias/conheca-o-novo-modelo-da-identidade-digital-padrao-do-governo-federal", "contributors": [], "language": "pt-br", "title": "Nova identidade digital", "_id": "nova-identidade-digital", "_layout": "", "changeNote": "", "_defaultpage": "link_redirect_view", "plone.uuid": "5425090babda41a29f577ce589ed4414", "_classname": "Link", "_properties": [["title", "Nova identidade digital", "string"]], "_gopip": 0, "creators": "Brasil", "skos": [], "_path": "/portal/menu-de-apoio/nova-identidade-digital"}