{"_content_type": "text/plain", "_type": "Folder", "exclude_from_nav": true, "nextPreviousEnabled": false, "effective": "2013-06-03 15:39:00", "language": "pt-br", "title": "V\u00eddeos", "_id": "videos", "_layout": "", "_data_relatedItems": [], "contributors": [], "_defaultpage": "folder_summary_view", "plone.uuid": "5a0b6ed3ee4c4874adc269f1f09f47b5", "_classname": "Folder", "_properties": [["title", "V\u00eddeos", "string"], ["layout", "folder_summary_view", "string"]], "_gopip": 73, "creators": "Brasil", "skos": [], "_path": "/portal/videos"}