{"table_of_contents": false, "contributors": [], "text": "<p><span>Lorem ipsum dolor sit amet, consectetur adipisicing elit, sed do eiusmod tempor incididunt ut labore et dolore magna aliqua. Ut enim ad minim veniam, quis nostrud exercitation ullamco laboris nisi ut aliquip ex ea commodo consequat. Duis aute irure dolor in reprehenderit in voluptate velit esse cillum dolore eu fugiat nulla pariatur. Excepteur sint occaecat cupidatat non proident, sunt in culpa qui officia deserunt mollit anim id est laborum.</span></p>\r\n<p><span><span>Lorem ipsum dolor sit amet, consectetur adipisicing elit, sed do eiusmod tempor incididunt ut labore et dolore magna aliqua. Ut enim ad minim veniam, quis nostrud exercitation ullamco laboris nisi ut aliquip ex ea commodo consequat. Duis aute irure dolor in reprehenderit in voluptate velit esse cillum dolore eu fugiat nulla pariatur. Excepteur sint occaecat cupidatat non proident, sunt in culpa qui officia deserunt mollit anim id est laborum.</span></span></p>\r\n<p><span><span>Lorem ipsum dolor sit amet, consectetur adipisicing elit, sed do eiusmod tempor incididunt ut labore et dolore magna aliqua. Ut enim ad minim veniam, quis nostrud exercitation ullamco laboris nisi ut aliquip ex ea commodo consequat. Duis aute irure dolor in reprehenderit in voluptate velit esse cillum dolore eu fugiat nulla pariatur. Excepteur sint occaecat cupidatat non proident, sunt in culpa qui officia deserunt mollit anim id est laborum.</span></span></p>\r\n<p><span><span>Lorem ipsum dolor sit amet, consectetur adipisicing elit, sed do eiusmod tempor incididunt ut labore et dolore magna aliqua. Ut enim ad minim veniam, quis nostrud exercitation ullamco laboris nisi ut aliquip ex ea commodo consequat. Duis aute irure dolor in reprehenderit in voluptate velit esse cillum dolore eu fugiat nulla pariatur. Excepteur sint occaecat cupidatat non proident, sunt in culpa qui officia deserunt mollit anim id est laborum.</span></span></p>\r\n<p><span><span>Lorem ipsum dolor sit amet, consectetur adipisicing elit, sed do eiusmod tempor incididunt ut labore et dolore magna aliqua. Ut enim ad minim veniam, quis nostrud exercitation ullamco laboris nisi ut aliquip ex ea commodo consequat. Duis aute irure dolor in reprehenderit in voluptate velit esse cillum dolore eu fugiat nulla pariatur. Excepteur sint occaecat cupidatat non proident, sunt in culpa qui officia deserunt mollit anim id est laborum.</span></span></p>", "exclude_from_nav": false, "skos": ["http://vocab.e.gov.br/2011/03/vcge#classificacao-informacao"], "_gopip": 0, "title": "P\u00e1gina sobre conv\u00eanios", "subjects": ["tag 1", "tag 2", "tag 3"], "_type": "Document", "description": "\u00c1rea lista todas as parcerias seladas por meio do tipo conv\u00eanio entre o \u00f3rg\u00e3o federal e demais entidades. Importante incluir a informa\u00e7\u00e3o sobre os objetivos das parcerias", "_layout": "", "_id": "pagina-sobre-convenios", "_classname": "Document", "_content_type": "text/plain", "_data_relatedItems": [], "effective": "2013-06-04 10:02:00", "language": "pt-br", "changeNote": "", "_defaultpage": "document_view", "plone.uuid": "30fa994416304a7399e2ac85cf496e48", "_properties": [["title", "P\u00e1gina sobre conv\u00eanios", "string"]], "creators": "Brasil", "_path": "/portal/sobre/convenios/pagina-sobre-convenios"}