{"locallyAllowedTypes": ["DoormatColumn"], "contributors": [], "creation_date": "2013/05/29 23:53:14.608676 GMT-3", "_uid": "6de6fbe3d39b4eeb8d55cd725671b14c", "expirationDate": "None", "_content_type_id": "text/plain", "immediatelyAddableTypes": ["DoormatColumn"], "id": "rodape", "_content_type_nextPreviousEnabled": "text/plain", "subject": [], "_content_type_excludeFromNav": "text/plain", "_content_type_subject": "text/plain", "modification_date": "2013/06/13 14:33:31.992127 GMT-3", "title": "Rodap\u00e9", "_content_type_language": "text/plain", "_gopip": 68, "location": "", "_content_type_title": "text/plain", "excludeFromNav": true, "_atbrefs": {}, "constrainTypesMode": 0, "showTitle": false, "_type": "Doormat", "description": "Rodap\u00e9 do Portal", "_content_type_showTitle": "text/plain", "_atrefs": {}, "_content_type_rights": "text/plain", "_content_type_locallyAllowedTypes": "text/plain", "allowDiscussion": false, "_content_type_allowDiscussion": "text/plain", "_content_type_immediatelyAddableTypes": "text/plain", "_classname": "Doormat", "_content_type_constrainTypesMode": "text/plain", "_content_type": "text/plain", "_id": "rodape", "nextPreviousEnabled": false, "effectiveDate": "None", "language": "pt-br", "rights": "", "_content_type_creators": "text/plain", "_content_type_description": "text/plain", "_content_type_location": "text/x-unknown-content-type", "_properties": [["title", "Rodap\u00e9", "string"]], "_content_type_contributors": "text/plain", "creators": ["admin"], "_path": "/portal/rodape"}