{"_content_type": "text/plain", "_type": "Folder", "exclude_from_nav": true, "nextPreviousEnabled": false, "description": "Servi\u00e7os deste \u00f3rg\u00e3o", "language": "pt-br", "title": "Links do Em Destaque", "_id": "links-destaques", "_layout": "", "_data_relatedItems": [], "contributors": [], "_defaultpage": "folder_summary_view", "plone.uuid": "98eac0afb38641dfa4ecf2f34d468134", "_classname": "Folder", "_properties": [["title", "Links do Em Destaque", "string"], ["layout", "folder_summary_view", "string"]], "_gopip": 62, "creators": "Brasil", "skos": [], "_path": "/portal/links-destaques"}