{"_content_type": "text/plain", "_type": "Link", "exclude_from_nav": false, "remoteUrl": "${portal_url}/acessibilidade", "contributors": [], "language": "pt-br", "title": "Acessibilidade", "_id": "acessibilidade", "_layout": "", "changeNote": "", "_defaultpage": "link_redirect_view", "plone.uuid": "df770344def0464ab1f9792f341ff19e", "_classname": "Link", "_properties": [["title", "Acessibilidade", "string"]], "_gopip": 0, "creators": "Brasil", "skos": [], "_path": "/portal/rodape/quarta_coluna/sobre-o-site/acessibilidade"}