{"contributors": [], "query": [{"i": "path", "o": "plone.app.querystring.operation.string.path", "v": "/eventos/"}, {"i": "portal_type", "o": "plone.app.querystring.operation.selection.is", "v": ["Event"]}], "exclude_from_nav": false, "skos": [], "_gopip": 3, "title": "Cole\u00e7\u00e3o de eventos", "sort_on": "end", "item_count": 30, "_type": "Collection", "_layout": "", "_data_relatedItems": [], "_classname": "Collection", "sort_reversed": true, "_content_type": "text/plain", "_id": "colecao-de-eventos", "language": "pt-br", "effective": "2013-06-13 18:27:00", "_defaultpage": "standard_view", "limit": 1000, "plone.uuid": "fde971018145447ebefe370a42129250", "_properties": [["title", "Cole\u00e7\u00e3o de eventos", "string"]], "creators": "Brasil", "_path": "/portal/eventos/colecao-de-eventos"}