<?xml version="1.0"?>
<object name="portal_javascripts" meta_type="JavaScripts Registry">
 <javascript id="++resource++plone.js" insert-before="*" />
 <javascript id="jquery-integration.js" remove="true" />
 <javascript id="event-registration.js" remove="true" />
 <javascript id="register_function.js" remove="true" />
 <javascript id="nodeutilities.js" remove="true" />
 <javascript id="modernizr.js" remove="true" />
 <javascript id="form_tabbing.js" remove="true" />
 <javascript id="first_input_focus.js" remove="true" />
 <javascript id="accessibility.js" remove="true" />
 <javascript id="toc.js" remove="true" />
 <javascript id="dropdown.js" remove="true" />
 <javascript id="formUnload.js" remove="true" />
 <javascript id="formsubmithelpers.js" remove="true" />
 <javascript id="jquery.tinymce.js" remove="true" />
 <javascript id="tiny_mce_gzip.js" remove="true" />
</object>
