<?xml version="1.0"?>
<registry>
  <records interface="Products.CMFPlone.interfaces.ISearchSchema"
           prefix="plone" />
  <records interface="Products.CMFPlone.interfaces.ISiteSchema"
           prefix="plone" />
  <record name="plone.app.portlets.PortletManagerBlacklist">
    <field type="plone.registry.field.List">
      <title>Toolbar Portlet Manager Blacklist</title>
      <description>A list of portlet manager names that will not be shown in the toolbar dropdown</description>
      <value_type type="plone.registry.field.TextLine" />
    </field>
    <value purge="false">
      <element>plone.dashboard1</element>
      <element>plone.dashboard2</element>
      <element>plone.dashboard3</element>
      <element>plone.dashboard4</element>
    </value>
  </record>
  <record name="Products.CMFPlone.TinyMCEsettings">
    <field type="plone.registry.field.Dict">
      <title>TinyMCE configuration</title>
      <key_type type="plone.registry.field.TextLine" />
      <value_type type="plone.registry.field.TextLine" />
    </field>
    <value>
      <element key="relatedItems">json:{"vocabularyUrl": "%(portal_url)s/@@getVocabulary?name=plone.app.vocabularies.Catalog"}</element>
      <element key="rel_upload_path">@@fileUpload</element>
      <element key="folder_url">%(document_base_url)s</element>
      <element key="linkAttribute">UID</element>
      <element key="prependToScalePart">/@@images/image/</element>
    </value>
  </record>
</registry>
