[{"portal_type": "Image", "id": "modulo-de-redes-sociais.jpg", "title": "M\u00f3dulo de redes sociais"}, {"portal_type": "Image", "id": "modulos-chamadas-capas", "title": "M\u00f3dulos de chamadas para capas"}, {"portal_type": "Image", "id": "modulo-de-galeria-de-audios.jpg", "title": "M\u00f3dulo de galeria de \u00e1udios"}, {"portal_type": "Image", "id": "modulo-de-audio.jpg", "title": "M\u00f3dulos de \u00e1udio"}, {"portal_type": "Image", "id": "modulos-de-galeria-de-videos.jpg", "title": "M\u00f3dulos de galeria de v\u00eddeos"}, {"portal_type": "Image", "id": "modulo-de-video-unico.jpg", "title": "M\u00f3dulos de v\u00eddeo"}, {"portal_type": "Image", "id": "modulos-de-imagem.jpg", "title": "M\u00f3dulos de imagem"}, {"portal_type": "Document", "id": "pagina-de-texto-institucional-b", "title": "Exemplo de p\u00e1gina de texto institucional "}, {"portal_type": "collective.nitf.content", "id": "titulo-da-noticia-entre-35-e-90-caracteres-com-espaco", "title": "Exemplo de not\u00edcia: t\u00edtulo entre 35 e 90 caracteres com espa\u00e7o"}, {"portal_type": "Link", "id": "link-1", "title": "Exemplo de link "}, {"portal_type": "Image", "id": "foto-200-x-130.jpg", "title": "Exemplo de imagem"}]