{"table_of_contents": false, "contributors": [], "text": "<p><span>Lorem ipsum dolor sit amet, consectetur adipisicing elit, sed do eiusmod tempor incididunt ut labore et dolore magna aliqua. Ut enim ad minim veniam, quis nostrud exercitation ullamco laboris nisi ut aliquip ex ea commodo consequat. Duis aute irure dolor in reprehenderit in voluptate velit esse cillum dolore eu fugiat nulla pariatur. Excepteur sint occaecat cupidatat non proident, sunt in culpa qui officia deserunt mollit anim id est laborum.</span></p>\r\n<p><span><span>Lorem ipsum dolor sit amet, consectetur adipisicing elit, sed do eiusmod tempor incididunt ut labore et dolore magna aliqua. Ut enim ad minim veniam, quis nostrud exercitation ullamco laboris nisi ut aliquip ex ea commodo consequat. Duis aute irure dolor in reprehenderit in voluptate velit esse cillum dolore eu fugiat nulla pariatur. Excepteur sint occaecat cupidatat non proident, sunt in culpa qui officia deserunt mollit anim id est laborum.</span></span></p>\r\n<p><span><span><span>Lorem ipsum dolor sit amet, consectetur adipisicing elit, listased do eiusmod tempor incididunt ut labore et dolore magna aliqua. Ut enim ad minim veniam, quis nostrud exercitation ullamco laboris nisi ut aliquip ex ea commodo consequat. Duis aute irure dolor in reprehenderit in voluptate velit esse cillum dolore eu fugiat nulla pariatur. Excepteur sint occaecat cupidatat non proident, sunt in culpa qui officia deserunt mollit anim id est laborum.</span></span></span></p>\r\n<p><span><span><span><span>Lorem ipsum dolor sit amet, consectetur adipisicing elit, sed do eiusmod tempor incididunt ut labore et dolore magna aliqua. Ut enim ad minim veniam, quis nostrud exercitation ullamco laboris nisi ut aliquip ex ea commodo consequat. Duis aute irure dolor in reprehenderit in voluptate velit esse cillum dolore eu fugiat nulla pariatur. Excepteur sint occaecat cupidatat non proident, sunt in culpa qui officia deserunt mollit anim id est laborum.</span></span></span></span></p>", "exclude_from_nav": false, "skos": ["http://vocab.e.gov.br/2011/03/vcge#sistemas-informacao", "http://vocab.e.gov.br/2011/03/vcge#multas-/-infracoes"], "_gopip": 0, "title": "P\u00e1gina sobre \u00e1rea de imprensa", "subjects": ["tag 1", "tag 2", "tag 3"], "_type": "Document", "description": "Lorem ipsum dolor sit amet, consectetur adipisicing elit, sed do eiusmod tempor incididunt ut labore et dolore magna aliqua. Ut enim ad minim veniam", "_layout": "", "_id": "pagina-sobre-area-imprensa", "_classname": "Document", "_content_type": "text/plain", "_data_relatedItems": [], "effective": "2013-06-04 10:12:00", "language": "pt-br", "changeNote": "", "_defaultpage": "document_view", "plone.uuid": "1ec912414ee24d11983c288aa9b4e490", "_properties": [["title", "P\u00e1gina sobre \u00e1rea de imprensa", "string"]], "creators": "Brasil", "_path": "/portal/area-imprensa/pagina-sobre-area-imprensa"}