{"_content_type": "text/plain", "_type": "Folder", "exclude_from_nav": true, "nextPreviousEnabled": false, "description": "Novo modelo de identidade digital padr\u00e3o do governo federal atende \u00e0s principais recomenda\u00e7\u00f5es de acessibilidade indicadas para web", "language": "pt-br", "title": "Acessibilidade", "_id": "acessibilidade", "_layout": "", "_data_relatedItems": [], "contributors": [], "_defaultpage": "acessibilidade", "plone.uuid": "ad39213efe1a4b2ca210a0b82e33fee8", "_classname": "Folder", "_properties": [["title", "Acessibilidade", "string"], ["default_page", "acessibilidade", "string"]], "_gopip": 80, "creators": "Brasil", "skos": [], "_path": "/portal/acessibilidade"}