{"_content_type": "text/plain", "_type": "Folder", "exclude_from_nav": false, "nextPreviousEnabled": false, "description": "Lorem Ipsum", "contributors": [], "title": "Editoria B", "_id": "editoria-b", "_layout": "", "rights": "", "_data_relatedItems": [], "_defaultpage": "capa-editoria-b", "plone.uuid": "7e8b1fa2f2b3409e8ad25973d7da3e2e", "_classname": "Folder", "_properties": [["title", "Editoria B", "string"], ["default_page", "capa-editoria-b", "string"]], "_gopip": 1, "creators": "Brasil", "_path": "/portal/assuntos/editoria-b"}