{"_content_type": "text/plain", "_type": "Folder", "exclude_from_nav": false, "nextPreviousEnabled": false, "effective": "2013-05-31 11:04:16", "language": "pt-br", "title": "Servi\u00e7o de Informa\u00e7\u00e3o ao Cidad\u00e3o - SIC", "_id": "servico-informacao-cidadao-sic", "_layout": "", "_data_relatedItems": [], "contributors": [], "_defaultpage": "servico-de-informacao-ao-cidadao-sic", "plone.uuid": "749dc42d70514269b92f6d7b39a085bf", "_classname": "Folder", "_properties": [["title", "Servi\u00e7o de Informa\u00e7\u00e3o ao Cidad\u00e3o - SIC", "string"], ["default_page", "servico-de-informacao-ao-cidadao-sic", "string"]], "_gopip": 8, "creators": "Brasil", "skos": [], "_path": "/portal/sobre/servico-informacao-cidadao-sic"}