<?xml version="1.0"?>
<object name="Folder" meta_type="Dexterity FTI" i18n:domain="plone"
   xmlns:i18n="http://xml.zope.org/namespaces/i18n">
 <property name="title" i18n:translate="">Folder</property>
 <property name="description" i18n:translate=""></property>
 <property name="icon_expr"></property>
 <property name="factory">Folder</property>
 <property name="add_view_expr">string:${folder_url}/++add++Folder</property>
 <property name="link_target"></property>
 <property name="immediate_view">view</property>
 <property name="global_allow">True</property>
 <property name="filter_content_types">False</property>
 <property name="allowed_content_types"/>
 <property name="allow_discussion">False</property>
 <property name="default_view">folder_listing</property>
 <property name="view_methods">
  <element value="folder_summary_view"/>
  <element value="folder_full_view"/>
  <element value="folder_tabular_view"/>
  <element value="atct_album_view"/>
  <element value="folder_listing"/>
 </property>
 <property name="default_view_fallback">False</property>
 <property name="add_permission">plone.app.contenttypes.addFolder</property>
 <property name="klass">plone.app.contenttypes.content.Folder</property>
 <property name="behaviors">
  <element value="plone.app.dexterity.behaviors.metadata.IDublinCore"/>
  <element value="plone.app.content.interfaces.INameFromTitle"/>
  <element value="plone.app.dexterity.behaviors.discussion.IAllowDiscussion"/>
  <element
     value="plone.app.dexterity.behaviors.exclfromnav.IExcludeFromNavigation"/>
  <element value="Products.CMFPlone.interfaces.constrains.ISelectableConstrainTypes"/>
  <element value="plone.app.relationfield.behavior.IRelatedItems"/>
  <element value="plone.app.dexterity.behaviors.nextprevious.INextPreviousToggle"/>
 </property>
 <property name="schema"></property>
 <property name="model_source"></property>
 <property name="model_file">plone.app.contenttypes.schema:folder.xml</property>
 <alias from="(Default)" to="(dynamic view)"/>
 <alias from="edit" to="@@edit"/>
 <alias from="sharing" to="@@sharing"/>
 <alias from="view" to="(selected layout)"/>
 <action title="View" action_id="view" category="object" condition_expr=""
    icon_expr="" link_target="" url_expr="string:${object_url}"
    visible="True" i18n:attributes="title">
  <permission value="View"/>
 </action>
 <action title="Edit" action_id="edit" category="object" condition_expr=""
    icon_expr="" link_target="" url_expr="string:${object_url}/edit"
    visible="True" i18n:attributes="title">
  <permission value="Modify portal content"/>
 </action>
</object>
