{"_content_type": "text/plain", "_type": "Folder", "exclude_from_nav": false, "nextPreviousEnabled": false, "description": "Licita\u00e7\u00f5es e Contratos", "contributors": [], "title": "Licita\u00e7\u00f5es e contratos", "_id": "licitacoes-e-contratos", "_layout": "", "rights": "", "_data_relatedItems": [], "_defaultpage": "pagina-sobre-licitacoes-contratos", "plone.uuid": "cf117728fecf45aa95b2587f580deee4", "_classname": "Folder", "_properties": [["title", "Licita\u00e7\u00f5es e contratos", "string"], ["default_page", "pagina-sobre-licitacoes-contratos", "string"]], "_gopip": 5, "creators": "Brasil", "_path": "/portal/sobre/licitacoes-e-contratos"}