[{"portal_type": "sc.embedder", "id": "titulo-do-video-em-3-linhas-e-em-ate-50-caracteres-2", "title": "T\u00edtulo do v\u00eddeo em 3 linhas e em at\u00e9 50 caracteres"}, {"portal_type": "sc.embedder", "id": "titulo-do-video-em-duas-linhas-em-45-caracteres", "title": "T\u00edtulo do v\u00eddeo em duas linhas em 45 caracteres"}, {"portal_type": "sc.embedder", "id": "titulo-do-video-em-3-linhas-e-em-ate-50-caracteres-3", "title": "T\u00edtulo do v\u00eddeo em 3 linhas e em at\u00e9 50 caracteres"}, {"portal_type": "Collection", "id": "colecao-de-videos", "title": "Cole\u00e7\u00e3o de v\u00eddeos"}]