{"contributors": [], "text": "<p><span>Lorem ipsum dolor sit amet, consectetur adipisicing elit, sed do eiusmod tempor incididunt ut labore et dolore magna aliqua.\u00a0<span>Lorem ipsum dolor sit amet, consectetur adipisicing elit, sed do eiusmod tempor incididunt ut labore et dolore magna aliqua.\u00a0<span>Lorem ipsum dolor sit amet, consectetur adipisicing elit, sed do eiusmod tempor incididunt ut labore et dolore magna aliqua.\u00a0</span></span></span></p>", "exclude_from_nav": false, "skos": [], "attendees": "Pessoa 1, Pessoa 2", "changeNote": "", "title": "Evento 3", "_gopip": 2, "location": "Bras\u00edlia", "start_date": "2013-01-10 10:00:00", "_type": "Event", "description": "Lorem ipsum dolor sit amet, consectetur adipisicing elit, sed do eiusmod tempor incididunt ut labore et dolore magna aliqua. ", "end_date": "2013-01-11 11:00:00", "_layout": "", "_classname": "Event", "creators": "Brasil", "_content_type": "text/plain", "_data_relatedItems": [], "language": "pt-br", "effective": "2013-06-13 18:23:24", "_defaultpage": "event_view", "plone.uuid": "c666d0c140e84d1daa15e7fed8d1e2a0", "_properties": [["title", "Evento 3", "string"]], "_id": "evento-3", "_path": "/portal/eventos/evento-3"}