{"locallyAllowedTypes": ["Link", "DoormatCollection"], "contributors": [], "creation_date": "2013/06/04 09:33:37.603617 GMT-3", "_uid": "67810a8da0e444f899afc58ff0c2d31e", "expirationDate": "None", "_content_type_id": "text/plain", "immediatelyAddableTypes": ["Link", "DoormatCollection"], "id": "rss", "_content_type_nextPreviousEnabled": "text/plain", "subject": [], "_content_type_excludeFromNav": "text/plain", "_content_type_subject": "text/plain", "modification_date": "2013/06/04 09:34:1.352960 GMT-3", "title": "RSS", "_content_type_language": "text/plain", "_gopip": 0, "location": "", "_content_type_title": "text/plain", "excludeFromNav": false, "_atbrefs": {}, "constrainTypesMode": 0, "showTitle": true, "_type": "DoormatSection", "description": "", "_content_type_showTitle": "text/plain", "_atrefs": {}, "_content_type_rights": "text/plain", "_content_type_locallyAllowedTypes": "text/plain", "allowDiscussion": false, "_content_type_allowDiscussion": "text/plain", "_content_type_immediatelyAddableTypes": "text/plain", "_classname": "DoormatSection", "_content_type_constrainTypesMode": "text/plain", "_content_type": "text/plain", "_id": "rss", "nextPreviousEnabled": false, "effectiveDate": "2013/06/04 09:33:41.293585 GMT-3", "language": "pt-br", "rights": "", "_content_type_creators": "text/plain", "_content_type_description": "text/plain", "_content_type_location": "text/x-unknown-content-type", "_properties": [["title", "RSS", "string"]], "_content_type_contributors": "text/plain", "creators": ["rbonino"], "_path": "/portal/rodape/quarta_coluna/rss"}