{"_classname": "FGStringField", "contributors": [], "_content_type_fgDefault": "text/plain", "_content_type_fgmaxlength": "text/plain", "creation_date": "2013/06/04 17:27:24.690600 GMT-3", "fgStringValidator": "isEmail", "_uid": "bb3449779bac48d29f02b05546901da1", "expirationDate": "None", "_content_type_fgTDefault": "text/plain", "_content_type_id": "text/plain", "id": "replyto", "_content_type_fgsize": "text/plain", "subject": [], "_content_type_excludeFromNav": "text/plain", "_content_type_subject": "text/plain", "effectiveDate": "None", "title": "Seu endere\u00e7o de e-mail", "_defaultpage": "fg_base_view_p3", "_content_type_fgStringValidator": "text/plain", "fgTDefault": "here/memberEmail", "_content_type_fgTValidator": "text/plain", "_content_type_language": "text/plain", "fgDefault": "dynamically overridden", "_content_type_location": "text/x-unknown-content-type", "location": "", "_content_type_title": "text/plain", "hidden": false, "excludeFromNav": false, "_atbrefs": {}, "_type": "FormStringField", "description": "", "_atrefs": {}, "_layout": "", "_content_type_rights": "text/html", "_content_type_serverSide": "text/plain", "allowDiscussion": false, "_content_type_allowDiscussion": "text/plain", "fgTEnabled": "", "fgmaxlength": 255, "_content_type_required": "text/plain", "_content_type": "text/plain", "_id": "replyto", "modification_date": "2013/06/04 17:27:25.001878 GMT-3", "language": "pt-br", "rights": "", "serverSide": false, "required": true, "_content_type_creators": "text/plain", "_content_type_fgTEnabled": "text/x-unknown-content-type", "_content_type_description": "text/plain", "_content_type_hidden": "text/plain", "fgTValidator": "python:False", "fgsize": 30, "_properties": [["title", "Seu endere\u00e7o de e-mail", "string"]], "_content_type_contributors": "text/plain", "_gopip": 1, "creators": ["editor"], "_path": "/portal/contato/replyto"}