{"_content_type": "text/plain", "_type": "Folder", "exclude_from_nav": false, "nextPreviousEnabled": false, "description": "Conhe\u00e7a este \u00f3rg\u00e3o", "contributors": [], "title": "Sobre", "_id": "sobre", "_layout": "", "rights": "", "_data_relatedItems": [], "_defaultpage": "folder_tabular_view", "plone.uuid": "6513b42599ea4ed1a9d7ebd0ccd38512", "_classname": "Folder", "_properties": [["title", "Sobre", "string"], ["layout", "folder_tabular_view", "string"]], "_gopip": 66, "creators": "Brasil", "_path": "/portal/sobre"}