[{"portal_type": "sc.embedder", "id": "titulo-do-video-em-3-linhas-e-em-ate-50-caracteres-2", "title": "T\u00edtulo do v\u00eddeo escrito em at\u00e9 45 caracteres"}, {"portal_type": "sc.embedder", "id": "titulo-do-video-em-duas-linhas-em-45-caracteres", "title": "T\u00edtulo do v\u00eddeo escrito em at\u00e9 45 caracteres"}, {"portal_type": "sc.embedder", "id": "titulo-do-video-em-3-linhas-e-em-ate-50-caracteres-3", "title": "T\u00edtulo do v\u00eddeo escrito em at\u00e9 45 caracteres"}, {"portal_type": "sc.embedder", "id": "titulo-do-video-em-3-linhas-e-em-ate-50-caracteres-1", "title": "T\u00edtulo do v\u00eddeo escrito em at\u00e9 45 caracteres"}, {"portal_type": "sc.embedder", "id": "titulo-do-video-em-3-linhas-e-em-ate-50-caracteres", "title": "T\u00edtulo do v\u00eddeo escrito em at\u00e9 45 caracteres"}, {"portal_type": "Collection", "id": "galeria-de-video-em-uma-coluna", "title": "Galeria de v\u00eddeo em uma coluna"}, {"portal_type": "sc.embedder", "id": "copy_of_titulo-do-video-em-3-linhas-e-em-ate-50-caracteres-2", "title": "T\u00edtulo do v\u00eddeo escrito em at\u00e9 45 caracteres"}, {"portal_type": "sc.embedder", "id": "copy_of_titulo-do-video-em-duas-linhas-em-45-caracteres", "title": "T\u00edtulo do v\u00eddeo escrito em at\u00e9 45 caracteres"}, {"portal_type": "sc.embedder", "id": "copy_of_titulo-do-video-em-3-linhas-e-em-ate-50-caracteres-3", "title": "T\u00edtulo do v\u00eddeo escrito em at\u00e9 45 caracteres"}, {"portal_type": "sc.embedder", "id": "copy2_of_titulo-do-video-em-3-linhas-e-em-ate-50-caracteres-2", "title": "T\u00edtulo do v\u00eddeo escrito em at\u00e9 45 caracteres"}, {"portal_type": "sc.embedder", "id": "copy2_of_titulo-do-video-em-duas-linhas-em-45-caracteres", "title": "T\u00edtulo do v\u00eddeo escrito em at\u00e9 45 caracteres"}, {"portal_type": "sc.embedder", "id": "copy2_of_titulo-do-video-em-3-linhas-e-em-ate-50-caracteres-3", "title": "T\u00edtulo do v\u00eddeo escrito em at\u00e9 45 caracteres"}, {"portal_type": "sc.embedder", "id": "copy_of_titulo-do-video-em-3-linhas-e-em-ate-50-caracteres-1", "title": "T\u00edtulo do v\u00eddeo escrito em at\u00e9 45 caracteres"}, {"portal_type": "sc.embedder", "id": "copy_of_titulo-do-video-em-3-linhas-e-em-ate-50-caracteres", "title": "T\u00edtulo do v\u00eddeo escrito em at\u00e9 45 caracteres"}]