{"contributors": [], "_path": "/portal/contato/thank-you", "_content_type_thanksEpilogue": "text/html", "_uid": "a2246fdf02e54c0e8b5104283992028c", "_content_type_includeEmpties": "text/plain", "_content_type_id": "text/plain", "showFields": [], "includeEmpties": true, "subject": [], "_content_type_language": "text/plain", "_content_type_subject": "text/plain", "effectiveDate": "None", "title": "Obrigado", "_content_type_showAll": "text/plain", "id": "thank-you", "_content_type_showFields": "text/plain", "_defaultpage": "fg_thankspage_view_p3", "location": "", "showAll": true, "_content_type_title": "text/plain", "excludeFromNav": false, "_atbrefs": {}, "thanksEpilogue": "", "_type": "FormThanksPage", "description": "Obrigado por sua entrada.", "_content_type_creators": "text/plain", "_content_type_excludeFromNav": "text/plain", "_atrefs": {}, "_layout": "", "_content_type_rights": "text/html", "allowDiscussion": false, "_content_type_allowDiscussion": "text/plain", "_classname": "FormThanksPage", "thanksPrologue": "", "creation_date": "2013/06/04 17:27:24.870095 GMT-3", "_content_type": "text/plain", "_id": "thank-you", "modification_date": "2013/06/04 17:27:25.061635 GMT-3", "language": "pt-br", "rights": "", "_content_type_noSubmitMessage": "text/html", "noSubmitMessage": "<p>No input was received. Please visit the form.</p>", "_content_type_description": "text/plain", "_content_type_thanksPrologue": "text/html", "_content_type_location": "text/x-unknown-content-type", "_properties": [["title", "Obrigado", "string"]], "_content_type_contributors": "text/plain", "_gopip": 4, "creators": ["editor"], "expirationDate": "None"}