<?xml version="1.0"?>
<rolemap>
  <roles>
    <role name="Manager"></role>
  </roles>
  <permissions>
    <permission name="plone.app.collection: Add Collection" acquire="True">
      <role name="Manager" />
      <role name="Site Administrator" />
    </permission>
    <!--
    <permission name="plone.app.collection: Add collection portlet"
                acquire="True">
      <role name="Manager" />
      <role name="Site Administrator" />
    </permission>
    -->
  </permissions>
</rolemap>
