{"locallyAllowedTypes": ["Link", "DoormatCollection"], "contributors": [], "creation_date": "2013/06/04 17:31:25.121575 GMT-3", "_uid": "2af33751f97d438a915fa2aba253d0e3", "expirationDate": "None", "_content_type_id": "text/plain", "immediatelyAddableTypes": ["Link", "DoormatCollection"], "id": "redes-sociais", "_content_type_nextPreviousEnabled": "text/plain", "subject": [], "_content_type_excludeFromNav": "text/plain", "_content_type_subject": "text/plain", "modification_date": "2013/06/06 19:11:31.201208 GMT-3", "title": "Redes sociais", "_content_type_language": "text/plain", "_gopip": 0, "location": "", "_content_type_title": "text/plain", "excludeFromNav": false, "_atbrefs": {}, "constrainTypesMode": 0, "showTitle": true, "_type": "DoormatSection", "description": "", "_content_type_showTitle": "text/plain", "_atrefs": {}, "_content_type_rights": "text/plain", "_content_type_locallyAllowedTypes": "text/plain", "allowDiscussion": false, "_content_type_allowDiscussion": "text/plain", "_content_type_immediatelyAddableTypes": "text/plain", "_classname": "DoormatSection", "_content_type_constrainTypesMode": "text/plain", "_content_type": "text/plain", "_id": "redes-sociais", "nextPreviousEnabled": false, "effectiveDate": "2013/06/03 17:19:25.181531 GMT-3", "language": "pt-br", "rights": "", "_content_type_creators": "text/plain", "_content_type_description": "text/plain", "_content_type_location": "text/x-unknown-content-type", "_properties": [["title", "Redes sociais", "string"]], "_content_type_contributors": "text/plain", "creators": ["editor"], "_path": "/portal/rodape/coluna-3/redes-sociais"}