<?xml version="1.0"?>
<object name="sc.embedder"
   meta_type="Dexterity FTI"
   i18n:domain="sc.embedder"
   xmlns:i18n="http://xml.zope.org/namespaces/i18n">

  <!-- Basic metadata -->
  <property name="title" i18n:translate="">Embedder</property>
  <property name="description" i18n:translate="">A content embedder</property>
  <property name="content_icon">embedder.png</property>
  <property name="global_allow">True</property>
  <property name="filter_content_types">False</property>
  <property name="allowed_content_types" />
  <property name="allow_discussion">False</property>

  <!-- schema and class used for content items -->
  <property name="schema">sc.embedder.content.embedder.IEmbedder</property>
  <property name="klass">sc.embedder.content.embedder.Embedder</property>

  <property name="add_permission">sc.embedder.AddEmbedder</property>

  <property name="behaviors">
     <element value="plone.app.referenceablebehavior.referenceable.IReferenceable" />
     <element value="plone.app.content.interfaces.INameFromTitle" />
     <element value="plone.app.dexterity.behaviors.metadata.IDublinCore" />
     <element value="collective.dexteritytextindexer.behavior.IDexterityTextIndexer" />
   </property>

  <!-- View information -->
  <property name="link_target"></property>
  <property name="immediate_view">view</property>
  <property name="default_view">view</property>
  <property name="default_view_fallback">False</property>
  <property name="view_methods">
   <element value="view"/>
  </property>

  <!-- Method aliases -->
  <alias from="(Default)" to="(dynamic view)" />
  <alias from="view" to="(selected layout)" />
  <alias from="edit" to="@@edit" />
  <alias from="sharing" to="@@sharing" />

  <!-- Actions -->
  <action title="View" action_id="view" category="object" condition_expr=""
    url_expr="string:${object_url}/" visible="True">
    <permission value="View" />
  </action>
  <action title="Edit" action_id="edit" category="object" condition_expr=""
    url_expr="string:${object_url}/edit" visible="True">
    <permission value="Modify portal content" />
  </action>
</object>