{"table_of_contents": false, "contributors": [], "text": "<p style=\"text-align: center; \"><b class=\"first-child last-child\"><i class=\"first-child last-child\"><img class=\"image-inline\" src=\"resolveuid/974c2a0fcc6e4b7da080a22d99e3011b/@@images/image/tile\"/></i></b></p>\r\n<p style=\"text-align: center; \"><b class=\"first-child last-child\"><i class=\"first-child last-child\">Quinta-feira<br class=\"first-child last-child\"/>13 de junho de 2013</i></b></p>\r\n<p style=\"text-align: center; \"><b class=\"first-child last-child\"><i class=\"first-child last-child\"><br/></i></b></p>\r\n<p style=\"text-align: left; \"><b class=\"first-child last-child\"><b class=\"first-child\">09h30\u00a0- Reuni\u00e3o com membros do F\u00f3rum Nacional da Ind\u00fastria</b><br/>.\u00a0\u00a0\u00a0\u00a0\u00a0\u00a0\u00a0\u00a0\u00a0\u00a0\u00a0\u00a0\u00a0\u00a0Pal\u00e1cio do Planalto<br/><br/><b>11h30\u00a0- Cerim\u00f4nia de lan\u00e7amento do Plano Brasil Maior</b><br/>.\u00a0\u00a0\u00a0\u00a0\u00a0\u00a0\u00a0\u00a0\u00a0\u00a0\u00a0\u00a0\u00a0\u00a0Sal\u00e3o Nobre<br/><br/><b>15h\u00a0\u00a0\u00a0\u00a0\u00a0\u00a0- Josu\u00e9 Christiano Gomes da Silva<br class=\"first-child last-child\"/>.\u00a0\u00a0\u00a0\u00a0\u00a0\u00a0\u00a0\u00a0\u00a0\u00a0\u00a0\u00a0\u00a0\u00a0 Presidente da Coteminas</b><br/><br/><b class=\"last-child\">16h\u00a0\u00a0\u00a0 \u00a0\u00a0 - Fernando Haddad<br class=\"first-child last-child\"/>.\u00a0\u00a0\u00a0\u00a0\u00a0\u00a0\u00a0\u00a0\u00a0\u00a0\u00a0\u00a0 \u00a0\u00a0Ministro da Educa\u00e7\u00e3o</b></b></p>", "exclude_from_nav": false, "skos": [], "_gopip": 4, "title": "Agenda do senhor Ministro - 13/06/2013", "_type": "Document", "description": "Detalhe da agenda do ministro", "_layout": "", "_id": "agenda-do-senhor-ministro-13-06-2013", "_classname": "Document", "_content_type": "text/plain", "_data_relatedItems": [], "effective": "2013-06-13 00:00:00", "language": "pt-br", "changeNote": "", "_defaultpage": "document_view", "plone.uuid": "de72f084d54a4ec9a6bf007bfa3d0eb7", "_properties": [["title", "Agenda do senhor Ministro - 13/06/2013", "string"]], "creators": "Brasil", "_path": "/portal/eventos/agenda-do-senhor-ministro-13-06-2013"}