<?xml version="1.0"?>
<object name="collective.cover.content" meta_type="Dexterity FTI"
   xmlns:i18n="http://xml.zope.org/namespaces/i18n"
   i18n:domain="collective.cover">

  <!-- Basic metadata -->
  <property name="title" i18n:translate="">Cover</property>
  <property name="description" i18n:translate="">A cover page.</property>
  <property name="content_icon">++resource++collective.cover/frontpage_icon.png</property>
  <property name="factory">collective.cover.content</property>
  <property name="global_allow">True</property>
  <property name="filter_content_types">False</property>
  <property name="allowed_content_types" />
  <property name="allow_discussion">False</property>

  <!-- schema and class used for content items -->
  <property name="schema">collective.cover.content.ICover</property>
  <property name="klass">collective.cover.content.Cover</property>

  <property name="behaviors">
    <element value="plone.app.content.interfaces.INameFromTitle" />
    <element value="plone.app.dexterity.behaviors.metadata.IBasic" />
    <element value="plone.app.dexterity.behaviors.exclfromnav.IExcludeFromNavigation" />
    <element value="plone.app.lockingbehavior.behaviors.ILocking" />
    <element value="plone.app.referenceablebehavior.referenceable.IReferenceable" />
    <element value="plone.app.relationfield.behavior.IRelatedItems" />
    <element value="plone.app.stagingbehavior.interfaces.IStagingSupport" />
  </property>

  <!-- View information -->
  <property name="link_target"></property>
  <property name="immediate_view">view</property>
  <property name="default_view">view</property>
  <property name="view_methods">
    <element value="view" />
    <element value="standard" />
  </property>
  <property name="default_view_fallback">False</property>
  <property name="add_permission">cmf.AddPortalContent</property>

  <!-- Method aliases -->
  <alias from="(Default)" to="(dynamic view)" />
  <alias from="view" to="(selected layout)" />
  <alias from="edit" to="@@edit" />
  <alias from="sharing" to="@@sharing" />

  <!-- Actions -->
  <action title="View" action_id="view" category="object" condition_expr=""
    url_expr="string:${object_url}/" visible="True">
    <permission value="View" />
  </action>
  <action title="Edit" action_id="edit" category="object"
    condition_expr="not:object/@@plone_lock_info/is_locked_for_current_user|python:True"
    url_expr="string:${object_url}/edit" visible="True">
    <permission value="Modify portal content" />
  </action>
  <action title="Compose" action_id="compose" category="object"
    condition_expr="not:object/@@plone_lock_info/is_locked_for_current_user|python:True"
    url_expr="string:${object_url}/compose" visible="True" i18n:attributes="title">
    <permission value="Modify portal content" />
  </action>
  <action title="Layout" action_id="layoutedit" category="object"
    condition_expr="not:object/@@plone_lock_info/is_locked_for_current_user|python:True"
    url_expr="string:${object_url}/layoutedit" visible="True" i18n:attributes="title">
    <permission value="collective.cover: Can Edit Layout" />
  </action>
</object>
