{"_content_type": "text/plain", "_type": "Link", "exclude_from_nav": false, "remoteUrl": "http://tv1-lnx-04.grupotv1.com/portalmodelo", "contributors": [], "language": "pt-br", "title": "Destaque 3", "_id": "destaque-3", "_layout": "", "changeNote": "", "_defaultpage": "link_redirect_view", "plone.uuid": "c4c854f59c554045a8045043956ec00b", "_classname": "Link", "_properties": [["title", "Destaque 3", "string"]], "_gopip": 2, "creators": "Brasil", "skos": [], "_path": "/portal/links-destaques/destaque-3"}