{"contributors": [], "query": [{"i": "portal_type", "o": "plone.app.querystring.operation.selection.is", "v": ["MPEG Audio File"]}, {"i": "path", "o": "plone.app.querystring.operation.string.path", "v": "/audios/"}], "exclude_from_nav": false, "skos": [], "_gopip": 0, "title": "Galeria de \u00e1udios do Portal", "sort_on": "modified", "item_count": 30, "_type": "Collection", "_layout": "", "_data_relatedItems": [], "_classname": "Collection", "sort_reversed": true, "_content_type": "text/plain", "_id": "galeria-de-audios-do-portal", "language": "pt-br", "effective": "2013-06-04 10:55:00", "_defaultpage": "all_content", "limit": 1000, "plone.uuid": "1d006aad73ac45eda82ed98e3d7f13ce", "_properties": [["title", "Galeria de \u00e1udios do Portal", "string"], ["layout", "all_content", "string"]], "creators": "Brasil", "_path": "/portal/audios/galeria-de-audios-do-portal"}