<?xml version="1.0"?>
<site>
 <property name="title">Secretaria de Comunicação Social</property>
 <property name="title_1" type="string">Secretaria de</property>
 <property name="title_2" type="string">Comunicação Social</property>
 <property name="orgao" type="string">Presidência da República</property>
 <property name="description">O portal do Brasil</property>
 <property name="selectable_views" type="lines">
  <element value="folder_listing"/>
  <element value="news_listing"/>
 </property>
 <property name="email_from_address" type="string"></property>
 <property name="email_from_name" type="string"></property>
 <property name="validate_email" type="boolean">True</property>
 <property name="email_charset" type="string">utf-8</property>
 <property name="enable_permalink" type="boolean">False</property>
</site>
