<?xml version="1.0"?>
<registry xmlns:i18n="http://xml.zope.org/namespaces/i18n"
          i18n:domain="plone">
  <!-- collective.cover settings -->
  <record field="layouts"
          interface="collective.cover.controlpanel.ICoverSettings"
          name="collective.cover.controlpanel.ICoverSettings.layouts">
    <field type="plone.registry.field.Dict">
      <key_type type="plone.registry.field.TextLine">
        <title>Name</title>
      </key_type>
      <title>Layouts</title>
      <value_type type="plone.registry.field.TextLine">
        <title>Layout</title>
      </value_type>
    </field>
    <value purge="true">
      <element key=" Layout vazio">[{"type": "row", "class": "row", "children": [{"type": "group", "data":{"column-size":16, "layout-type":"column"}, "roles": ["Manager"]}]}]</element>
      <element key="Destaques">[{"type": "row", "children": [{"data": {"layout-type": "column", "column-size": 16}, "type": "group", "children": [{"tile-type": "em_destaque", "type": "tile", "id": "em_destaque_tile_destaque"}], "roles": ["Manager"]}]}]</element>
    </value>
  </record>

  <record field="available_tiles"
          interface="collective.cover.controlpanel.ICoverSettings"
          name="collective.cover.controlpanel.ICoverSettings.available_tiles">
    <value purge="true">
      <element>agenda</element>
      <element>audio</element>
      <element>audiogallery</element>
      <element>collective.cover.banner</element>
      <element>collective.cover.carousel</element>
      <element>collective.cover.collection</element>
      <element>collective.cover.list</element>
      <element>collective.cover.richtext</element>
      <element>em_destaque</element>
      <element>mediacarousel</element>
      <element>nitf</element>
      <element>social</element>
      <element>standaloneheader</element>
      <element>video</element>
      <element>videogallery</element>
      <element>banner_rotativo</element>
    </value>
  </record>

  <record field="searchable_content_types"
          interface="collective.cover.controlpanel.ICoverSettings"
          name="collective.cover.controlpanel.ICoverSettings.searchable_content_types">
    <value>
      <element>collective.nitf.content</element>
      <element>collective.polls.poll</element>
      <element>Collection</element>
      <element>FormFolder</element>
      <element>Image</element>
      <element>Document</element>
      <element>Link</element>
    </value>
  </record>

  <!-- estilos do collective.cover -->
  <record name="collective.cover.controlpanel.ICoverSettings.styles" interface="collective.cover.controlpanel.ICoverSettings" field="styles">
    <value>
      <element>Amarelo|amarelo</element>
      <element>Azul Claro - borda|azul-claro-borda</element>
      <element>Azul Claro Saude|azul-claro</element>
      <element>Azul Escuro Turismo|azul-escuro</element>
      <element>Azul Governo|azul</element>
      <element>Azul Petroleo Defesa Seguranca|azul-petroleo</element>
      <element>Azul Piscina|azul-piscina</element>
      <element>Azul Turquesa - borda|azul-turquesa-borda</element>
      <element>Azul Turquesa|azul-turquesa</element>
      <element>Bege - borda|bege-borda</element>
      <element>Bege|bege</element>
      <element>Dourado Cultura|dourado</element>
      <element>Fio separador|fio-separador</element>
      <element>Laranja - borda|laranja-borda</element>
      <element>Laranja Cidadania Justica|laranja</element>
      <element>Link Externo|link-externo</element>
      <element>Lista Horizontal|lista-horizontal</element>
      <element>Lista Vertical|lista-vertical</element>
      <element>Marrom Claro Economia Emprego|marrom-claro</element>
      <element>Marrom Infraestrutura|marrom</element>
      <element>Padrao|padrao</element>
      <element>Roxo - borda|roxo-borda</element>
      <element>Roxo Ciencia Tecnologia|roxo</element>
      <element>Verde Claro Meio Ambiente|verde-claro</element>
      <element>Verde Escuro Educacao|verde-escuro</element>
      <element>Verde Esporte|verde</element>
    </value>
  </record>

  <!-- collective.nitf settings -->
  <record name="collective.nitf.controlpanel.INITFSettings.available_sections">
    <value>
      <element>Geral</element>
      <element>Notícias</element>
    </value>
  </record>
  <record name="collective.nitf.controlpanel.INITFSettings.default_section">
    <value>Notícias</value>
  </record>
  <record name="collective.nitf.controlpanel.INITFSettings.available_genres">
    <value>
      <element>Analysis</element>
      <element>Archive material</element>
      <element>Current</element>
      <element>Exclusive</element>
      <element>From the Scene</element>
      <element>Interview</element>
      <element>Obituary</element>
      <element>Opinion</element>
      <element>Polls and Surveys</element>
      <element>Press Release</element>
      <element>Profile</element>
      <element>Retrospective</element>
      <element>Review</element>
      <element>Special Report</element>
      <element>Summary</element>
      <element>Wrap</element>
    </value>
  </record>
  <record name="collective.nitf.controlpanel.INITFSettings.relatable_content_types">
    <value>
      <element>collective.nitf.content</element>
      <element>File</element>
      <element>Image</element>
    </value>
  </record>
  <!-- collective.upload settings -->
  <record name="collective.upload.interfaces.IUploadSettings.resize_max_width">
    <value>1024</value>
  </record>
  <record name="collective.upload.interfaces.IUploadSettings.resize_max_height">
    <value>1024</value>
  </record>
  <record name="collective.upload.interfaces.IUploadSettings.upload_extensions">
    <value>gif, jpeg, jpg, png, pdf, doc, txt, docx</value>
  </record>
  <records interface="plone.app.querystring.interfaces.IQueryField"
           prefix="plone.app.querystring.field.skos">
    <value key="title" i18n:translate="">VCGE</value>
    <value key="description" i18n:translate="">Vocabulario Controlado do Governo Eletronico</value>
    <value key="enabled">True</value>
    <value key="sortable">False</value>
    <value key="operations">
      <element>plone.app.querystring.operation.selection.is</element>
      <element>plone.app.querystring.operation.string.is</element>
    </value>
    <value key="vocabulary">brasil.gov.vcge</value>
    <value key="group" i18n:translate="">Metadata</value>
  </records>
</registry>
