<?xml version="1.0"?>
<object name="portal_properties" meta_type="Plone Properties Tool">
  <object name="navtree_properties" meta_type="Plone Property Sheet">
    <property name="metaTypesNotToList" type="lines" purge="True">
      <element value="Discussion Item"/>
      <element value="MPEG Audio File"/>
      <element value="News Item"/>
      <element value="OGG Audio File"/>
    </property>
  </object>
  <object name="site_properties" meta_type="Plone Property Sheet" purge="False">
    <property name="allowAnonymousViewAbout" type="boolean">True</property>
    <property name="displayPublicationDateInByline"
              type="boolean">True</property>
    <property name="localTimeFormat" type="string">%d/%m/%Y</property>
    <property name="localLongTimeFormat" type="string">%d/%m/%Y %Hh%M</property>
    <property name="enable_link_integrity_checks" type="boolean">True</property>
    <property name="enable_livesearch" type="boolean">False</property>
    <property name="default_language" type="boolean">pt-br</property>
    <property name="default_charset" type="boolean">utf-8</property>
    <property name="types_not_searched" type="lines" purge="False">
      <element value="collective.cover.content"/>
      <element value="Collection"/>
      <element value="Doormat"/>
      <element value="DoormatCollection"/>
      <element value="DoormatColumn"/>
      <element value="DoormatMixin"/>
      <element value="DoormatReference"/>
      <element value="DoormatSection"/>  
      <element value="FormFolder"/>
      <element value="Folder"/>
      <element value="MPEG Audio File"/>
      <element value="News Item"/>
      <element value="OGG Audio File"/>
      <element value="sc.embedder"/>
      <element value="Topic"/>
    </property>
    <property name="icon_visibility" type="string">disabled</property>
  </object>
  <object name="sc_social_likes_properties" meta_type="Plone Property Sheet">
    <property name="enabled_portal_types" type="lines" purge="True">
      <element value="Audio"/>
      <element value="collective.cover.content"/>
      <element value="collective.nitf.content"/>
      <element value="collective.polls.poll"/>
      <element value="Document"/>
      <element value="Event"/>
      <element value="Image"/>
      <element value="sc.embedder"/>
    </property>
  </object>
  <object name="brasil_gov" meta_type="Plone Property Sheet">
    <property name="social_networks" type="lines">
      <element value="twitter|portalbrasil"/>
      <element value="youtube|canalportalbrasil"/>
    </property>
  </object>
  <object name="imaging_properties" meta_type="Plone Property Sheet">
    <property name="allowed_sizes" type="lines" purge="False">
      <element value="capa 230:230"/>
    </property>
  </object>
</object>
