{"_content_type": "text/plain", "_type": "Link", "exclude_from_nav": false, "remoteUrl": "http://tv1-lnx-04.grupotv1.com/portalmodelo", "contributors": [], "language": "pt-br", "title": "Destaque 2", "_id": "destaque-2", "_layout": "", "changeNote": "", "_defaultpage": "link_redirect_view", "plone.uuid": "8701d382589446be8c8cb64db4bca2f8", "_classname": "Link", "_properties": [["title", "Destaque 2", "string"]], "_gopip": 1, "creators": "Brasil", "skos": [], "_path": "/portal/links-destaques/destaque-2"}