{"_content_type": "text/plain", "_type": "Folder", "exclude_from_nav": false, "nextPreviousEnabled": false, "description": "A\u00e7\u00f5es e Programas", "contributors": [], "title": "A\u00e7\u00f5es e programas", "_id": "acoes-e-programas", "_layout": "", "rights": "", "_data_relatedItems": [], "_defaultpage": "pagina-sobre-acoes-do-orgao", "plone.uuid": "82e5f5cd9c864e27bf890c3d27037666", "_classname": "Folder", "_properties": [["title", "A\u00e7\u00f5es e programas", "string"], ["default_page", "pagina-sobre-acoes-do-orgao", "string"]], "_gopip": 1, "creators": "Brasil", "_path": "/portal/sobre/acoes-e-programas"}