{"_content_type": "text/plain", "_type": "Folder", "exclude_from_nav": true, "nextPreviousEnabled": false, "effective": "2013-05-31 11:04:00", "language": "pt-br", "title": "Perguntas frequentes", "_id": "perguntas-frequentes", "_layout": "", "_data_relatedItems": [], "contributors": [], "_defaultpage": "pagina-sobre-informacoes-classificadas", "plone.uuid": "96f83b315df6451397c6f024544bc91f", "_classname": "Folder", "_properties": [["title", "Perguntas frequentes", "string"], ["default_page", "pagina-sobre-informacoes-classificadas", "string"]], "_gopip": 9, "creators": "Brasil", "skos": [], "_path": "/portal/sobre/perguntas-frequentes"}