<?xml version="1.0"?>
<metadata>
  <version>5000</version>
  <dependencies>
    <dependency>profile-collective.js.jqueryui:default</dependency>
    <dependency>profile-plone.app.contenttypes:default</dependency>
    <dependency>profile-plone.app.theming:default</dependency>
    <dependency>profile-brasil.gov.agenda:default</dependency>
    <dependency>profile-brasil.gov.barra:default</dependency>
    <dependency>profile-brasil.gov.vcge.at:default</dependency>
    <dependency>profile-brasil.gov.vcge.dx:default</dependency>
    <dependency>profile-Products.Doormat:default</dependency>
    <dependency>profile-Products.PloneFormGen:default</dependency>  
    <dependency>profile-sc.embedder:default</dependency>
    <dependency>profile-sc.social.like:default</dependency>
    <dependency>profile-brasil.gov.tiles:default</dependency>
    <dependency>profile-collective.upload:default</dependency>
  </dependencies>
</metadata>
