{"_content_type": "text/plain", "_type": "Folder", "exclude_from_nav": true, "nextPreviousEnabled": false, "effective": "2013-05-31 11:04:00", "language": "pt-br", "title": "\u00c1rea de imprensa", "_id": "area-imprensa", "_layout": "", "_data_relatedItems": [], "contributors": [], "_defaultpage": "pagina-sobre-area-imprensa", "plone.uuid": "bffbed71cc0f454383671e974a347b2f", "_classname": "Folder", "_properties": [["title", "\u00c1rea de imprensa", "string"], ["default_page", "pagina-sobre-area-imprensa", "string"]], "_gopip": 78, "creators": "Brasil", "skos": [], "_path": "/portal/area-imprensa"}