{"locallyAllowedTypes": ["DoormatSection"], "contributors": [], "creation_date": "2013/05/29 23:53:14.738836 GMT-3", "_uid": "a2b2597719404fa98b1983c6184df055", "expirationDate": "None", "_content_type_id": "text/plain", "immediatelyAddableTypes": ["DoormatSection"], "id": "coluna-2", "_content_type_nextPreviousEnabled": "text/plain", "subject": [], "_content_type_excludeFromNav": "text/plain", "_content_type_subject": "text/plain", "modification_date": "2013/05/29 23:53:14.739006 GMT-3", "title": "Segunda coluna", "_content_type_language": "text/plain", "_gopip": 1, "location": "", "_content_type_title": "text/plain", "excludeFromNav": true, "_atbrefs": {}, "constrainTypesMode": 0, "showTitle": false, "_type": "DoormatColumn", "description": "Segunda coluna", "_content_type_showTitle": "text/plain", "_atrefs": {}, "_content_type_rights": "text/html", "_content_type_locallyAllowedTypes": "text/plain", "allowDiscussion": false, "_content_type_allowDiscussion": "text/plain", "_content_type_immediatelyAddableTypes": "text/plain", "_classname": "DoormatColumn", "_content_type_constrainTypesMode": "text/plain", "_content_type": "text/plain", "_id": "coluna-2", "nextPreviousEnabled": false, "effectiveDate": "None", "language": "pt-br", "rights": "", "_content_type_creators": "text/plain", "_content_type_description": "text/plain", "_content_type_location": "text/x-unknown-content-type", "_properties": [["title", "Segunda coluna", "string"]], "_content_type_contributors": "text/plain", "creators": ["admin"], "_path": "/portal/rodape/coluna-2"}