<?xml version="1.0"?>
<rolemap>
    <permissions>
        <permission name="brasil.gov.agenda: Add Agenda" acquire="True">
            <role name="Manager"/>
            <role name="Site Administrator"/>
            <role name="Owner"/>
            <role name="Contributor"/>
        </permission>
        <permission name="brasil.gov.agenda: Add AgendaDiaria" acquire="True">
            <role name="Manager"/>
            <role name="Site Administrator"/>
            <role name="Owner"/>
            <role name="Contributor"/>
        </permission>
        <permission name="brasil.gov.agenda: Add Compromisso" acquire="True">
            <role name="Manager"/>
            <role name="Site Administrator"/>
            <role name="Owner"/>
            <role name="Contributor"/>
        </permission>
    </permissions>
</rolemap>