{"locallyAllowedTypes": ["Link", "DoormatCollection"], "contributors": [], "creation_date": "2013/06/04 17:17:45.901700 GMT-3", "_uid": "63d138eff90a4771b4a3c97750e8acbd", "expirationDate": "None", "_content_type_id": "text/plain", "immediatelyAddableTypes": ["Link", "DoormatCollection"], "id": "barra-de-servicos", "_content_type_nextPreviousEnabled": "text/plain", "subject": [], "_content_type_excludeFromNav": "text/plain", "_content_type_subject": "text/plain", "modification_date": "2013/06/04 17:19:15.825298 GMT-3", "title": "Servi\u00e7os", "_content_type_language": "text/plain", "_gopip": 0, "location": "", "_content_type_title": "text/plain", "excludeFromNav": false, "_atbrefs": {}, "constrainTypesMode": 0, "showTitle": true, "_type": "DoormatSection", "description": "", "_content_type_showTitle": "text/plain", "_atrefs": {}, "_content_type_rights": "text/plain", "_content_type_locallyAllowedTypes": "text/plain", "allowDiscussion": false, "_content_type_allowDiscussion": "text/plain", "_content_type_immediatelyAddableTypes": "text/plain", "_classname": "DoormatSection", "_content_type_constrainTypesMode": "text/plain", "_content_type": "text/plain", "_id": "barra-de-servicos", "nextPreviousEnabled": false, "effectiveDate": "2013/06/04 17:20:00 GMT-3", "language": "pt-br", "rights": "", "_content_type_creators": "text/plain", "_content_type_description": "text/plain", "_content_type_location": "text/x-unknown-content-type", "_properties": [["title", "Servi\u00e7os", "string"], ["default_page", "fale-com-o-orgao", "string"]], "_content_type_contributors": "text/plain", "creators": ["rbonino"], "_path": "/portal/rodape/coluna-2/barra-de-servicos"}