{"contributors": [], "query": [{"i": "portal_type", "o": "plone.app.querystring.operation.selection.is", "v": ["sc.embedder"]}, {"i": "path", "o": "plone.app.querystring.operation.string.path", "v": "/audios/"}], "exclude_from_nav": false, "skos": [], "_gopip": 4, "title": "Galeria de \u00c1udio - Cole\u00e7\u00e3o de Embbed", "item_count": 30, "_type": "Collection", "_layout": "", "_data_relatedItems": [], "_classname": "Collection", "sort_reversed": false, "_content_type": "text/plain", "_id": "galeria-de-audio-colecao-de-embbed", "language": "pt-br", "effective": "2013-06-12 16:59:00", "_defaultpage": "standard_view", "limit": 1000, "plone.uuid": "415d60987eba474988ae0404654c3026", "_properties": [["title", "Galeria de \u00c1udio - Cole\u00e7\u00e3o de Embbed", "string"]], "creators": "Brasil", "_path": "/portal/audios/pasta-com-embbed-de-audio/galeria-de-audio-colecao-de-embbed"}