{"locallyAllowedTypes": ["Link", "DoormatCollection"], "contributors": [], "creation_date": "2013/06/04 09:33:4.612306 GMT-3", "_uid": "9c07668e94c244e993f63235a53865f8", "expirationDate": "None", "_content_type_id": "text/plain", "immediatelyAddableTypes": ["Link", "DoormatCollection"], "id": "sobre-o-site", "_content_type_nextPreviousEnabled": "text/plain", "subject": [], "_content_type_excludeFromNav": "text/plain", "_content_type_subject": "text/plain", "modification_date": "2013/06/04 14:55:23.603315 GMT-3", "title": "Sobre o site", "_content_type_language": "text/plain", "_defaultpage": "acessibilidade", "location": "", "_content_type_title": "text/plain", "excludeFromNav": false, "_atbrefs": {}, "constrainTypesMode": 0, "showTitle": true, "_type": "DoormatSection", "description": "", "_content_type_showTitle": "text/plain", "_atrefs": {}, "_layout": "", "_content_type_rights": "text/plain", "_content_type_locallyAllowedTypes": "text/plain", "allowDiscussion": false, "_content_type_allowDiscussion": "text/plain", "_content_type_immediatelyAddableTypes": "text/plain", "_classname": "DoormatSection", "_content_type_constrainTypesMode": "text/plain", "_content_type": "text/plain", "_id": "sobre-o-site", "nextPreviousEnabled": false, "effectiveDate": "2013/06/04 09:33:8.376691 GMT-3", "language": "pt-br", "rights": "", "_content_type_creators": "text/plain", "_content_type_description": "text/plain", "_content_type_location": "text/x-unknown-content-type", "_properties": [["title", "Sobre o site", "string"], ["default_page", "acessibilidade", "string"]], "_content_type_contributors": "text/plain", "_gopip": 1, "creators": ["rbonino"], "_path": "/portal/rodape/quarta_coluna/sobre-o-site"}