{"_classname": "FGTextField", "contributors": [], "_content_type_fgDefault": "text/html", "_content_type_fgmaxlength": "text/plain", "creation_date": "2013/06/04 17:27:24.788155 GMT-3", "_uid": "5a5dfabe2a154bbba682ff268b94dd08", "expirationDate": "None", "_content_type_fgTDefault": "text/x-unknown-content-type", "_content_type_id": "text/plain", "id": "comments", "subject": [], "_content_type_excludeFromNav": "text/plain", "_content_type_subject": "text/plain", "effectiveDate": "None", "title": "Coment\u00e1rios", "_defaultpage": "fg_base_view_p3", "fgTDefault": "", "_content_type_fgTValidator": "text/plain", "_content_type_language": "text/plain", "fgDefault": "", "_content_type_location": "text/x-unknown-content-type", "_content_type_validateNoLinkSpam": "text/plain", "location": "", "_content_type_title": "text/plain", "hidden": false, "excludeFromNav": false, "_atbrefs": {}, "_type": "FormTextField", "description": "", "_atrefs": {}, "_layout": "", "_content_type_rights": "text/html", "_content_type_serverSide": "text/plain", "allowDiscussion": false, "_content_type_allowDiscussion": "text/plain", "fgTEnabled": "", "fgmaxlength": "0", "fgRows": "5", "_content_type_required": "text/plain", "_content_type": "text/plain", "_id": "comments", "modification_date": "2013/06/04 17:27:25.041899 GMT-3", "language": "pt-br", "rights": "", "serverSide": false, "required": true, "_content_type_creators": "text/plain", "_content_type_fgTEnabled": "text/x-unknown-content-type", "_content_type_description": "text/plain", "_content_type_hidden": "text/plain", "_content_type_fgRows": "text/plain", "fgTValidator": "python:False", "_properties": [["title", "Coment\u00e1rios", "string"]], "_content_type_contributors": "text/plain", "_gopip": 3, "creators": ["editor"], "validateNoLinkSpam": false, "_path": "/portal/contato/comments"}