{"locallyAllowedTypes": ["Link", "DoormatCollection"], "contributors": [], "creation_date": "2013/05/29 23:53:14.821935 GMT-3", "_uid": "6fd19422871a4bb1b8fb6bea368ca2be", "expirationDate": "None", "_content_type_id": "text/plain", "immediatelyAddableTypes": ["Link", "DoormatCollection"], "id": "assuntos", "_content_type_nextPreviousEnabled": "text/plain", "subject": [], "_content_type_excludeFromNav": "text/plain", "_content_type_subject": "text/plain", "modification_date": "2013/05/29 23:53:15.099413 GMT-3", "title": "Assuntos", "_content_type_language": "text/plain", "_gopip": 0, "location": "", "_content_type_title": "text/plain", "excludeFromNav": true, "_atbrefs": {}, "constrainTypesMode": 0, "showTitle": true, "_type": "DoormatSection", "description": "Assuntos", "_content_type_showTitle": "text/plain", "_atrefs": {}, "_content_type_rights": "text/html", "_content_type_locallyAllowedTypes": "text/plain", "allowDiscussion": false, "_content_type_allowDiscussion": "text/plain", "_content_type_immediatelyAddableTypes": "text/plain", "_classname": "DoormatSection", "_content_type_constrainTypesMode": "text/plain", "_content_type": "text/plain", "_id": "assuntos", "nextPreviousEnabled": false, "effectiveDate": "None", "language": "pt-br", "rights": "", "_content_type_creators": "text/plain", "_content_type_description": "text/plain", "_content_type_location": "text/x-unknown-content-type", "_properties": [["title", "Assuntos", "string"]], "_content_type_contributors": "text/plain", "creators": ["admin"], "_path": "/portal/rodape/coluna-1/assuntos"}